StateFIPS,State,Year,Number of people by Demographic,Race Ethnicity
1,Alabama,2018,"3,382,325",White including Hispanic
1,Alabama,2018,"1,312,093",Black including Hispanic
1,Alabama,2018,"84,794",Other including Hispanic
1,Alabama,2018,"33,838",American Indian/Alaskan Native including Hispanic
1,Alabama,2018,"215,281",Hispanic All Races
1,Alabama,2018,"1,509,303",All Non-White Races including Hispanic
1,Alabama,2019,"3,390,485",White including Hispanic
1,Alabama,2019,"1,315,856",Black including Hispanic
1,Alabama,2019,"87,405",Other including Hispanic
1,Alabama,2019,"34,303",American Indian/Alaskan Native including Hispanic
1,Alabama,2019,"220,789",Hispanic All Races
1,Alabama,2019,"1,517,480",All Non-White Races including Hispanic
1,Alabama,2020,"3,465,758",White including Hispanic
1,Alabama,2020,"1,349,908",Black including Hispanic
1,Alabama,2020,"91,337",Other including Hispanic
1,Alabama,2020,"35,466",American Indian/Alaskan Native including Hispanic
1,Alabama,2020,"233,290",Hispanic All Races
1,Alabama,2020,"1,559,045",All Non-White Races including Hispanic
2,Alaska,2018,"480,179",White including Hispanic
2,Alaska,2018,"27,507",Black including Hispanic
2,Alaska,2018,"56,049",Other including Hispanic
2,Alaska,2018,"113,507",American Indian/Alaskan Native including Hispanic
2,Alaska,2018,"53,369",Hispanic All Races
2,Alaska,2018,"256,445",All Non-White Races including Hispanic
2,Alaska,2019,"476,519",White including Hispanic
2,Alaska,2019,"27,101",Black including Hispanic
2,Alaska,2019,"56,517",Other including Hispanic
2,Alaska,2019,"113,572",American Indian/Alaskan Native including Hispanic
2,Alaska,2019,"53,622",Hispanic All Races
2,Alaska,2019,"257,084",All Non-White Races including Hispanic
2,Alaska,2020,"473,697",White including Hispanic
2,Alaska,2020,"26,720",Black including Hispanic
2,Alaska,2020,"57,077",Other including Hispanic
2,Alaska,2020,"114,935",American Indian/Alaskan Native including Hispanic
2,Alaska,2020,"53,865",Hispanic All Races
2,Alaska,2020,"258,744",All Non-White Races including Hispanic
4,Arizona,2018,"5,923,424",White including Hispanic
4,Arizona,2018,"367,827",Black including Hispanic
4,Arizona,2018,"208,858",Other including Hispanic
4,Arizona,2018,"381,556",American Indian/Alaskan Native including Hispanic
4,Arizona,2018,"2,258,904",Hispanic All Races
4,Arizona,2018,"1,240,804",All Non-White Races including Hispanic
4,Arizona,2019,"6,013,191",White including Hispanic
4,Arizona,2019,"381,604",Black including Hispanic
4,Arizona,2019,"217,667",Other including Hispanic
4,Arizona,2019,"386,710",American Indian/Alaskan Native including Hispanic
4,Arizona,2019,"2,313,157",Hispanic All Races
4,Arizona,2019,"1,278,652",All Non-White Races including Hispanic
4,Arizona,2020,"5,901,572",White including Hispanic
4,Arizona,2020,"382,887",Black including Hispanic
4,Arizona,2020,"220,693",Other including Hispanic
4,Arizona,2020,"381,539",American Indian/Alaskan Native including Hispanic
4,Arizona,2020,"2,303,083",Hispanic All Races
4,Arizona,2020,"1,276,414",All Non-White Races including Hispanic
5,Arkansas,2018,"2,381,131",White including Hispanic
5,Arkansas,2018,"473,381",Black including Hispanic
5,Arkansas,2018,"64,893",Other including Hispanic
5,Arkansas,2018,"30,559",American Indian/Alaskan Native including Hispanic
5,Arkansas,2018,"230,632",Hispanic All Races
5,Arkansas,2018,"631,030",All Non-White Races including Hispanic
5,Arkansas,2019,"2,384,331",White including Hispanic
5,Arkansas,2019,"475,106",Black including Hispanic
5,Arkansas,2019,"66,699",Other including Hispanic
5,Arkansas,2019,"31,022",American Indian/Alaskan Native including Hispanic
5,Arkansas,2019,"236,539",Hispanic All Races
5,Arkansas,2019,"636,654",All Non-White Races including Hispanic
5,Arkansas,2020,"2,371,688",White including Hispanic
5,Arkansas,2020,"474,311",Black including Hispanic
5,Arkansas,2020,"68,538",Other including Hispanic
5,Arkansas,2020,"31,817",American Indian/Alaskan Native including Hispanic
5,Arkansas,2020,"243,795",Hispanic All Races
5,Arkansas,2020,"640,544",All Non-White Races including Hispanic
6,California,2018,"28,344,812",White including Hispanic
6,California,2018,"2,551,709",Black including Hispanic
6,California,2018,"1,588,179",Other including Hispanic
6,California,2018,"656,978",American Indian/Alaskan Native including Hispanic
6,California,2018,"15,402,735",Hispanic All Races
6,California,2018,"11,092,651",All Non-White Races including Hispanic
6,California,2019,"28,233,838",White including Hispanic
6,California,2019,"2,553,676",Black including Hispanic
6,California,2019,"1,613,791",Other including Hispanic
6,California,2019,"661,770",American Indian/Alaskan Native including Hispanic
6,California,2019,"15,488,144",Hispanic All Races
6,California,2019,"11,203,772",All Non-White Races including Hispanic
6,California,2020,"28,192,365",White including Hispanic
6,California,2020,"2,559,854",Black including Hispanic
6,California,2020,"1,642,643",Other including Hispanic
6,California,2020,"672,092",American Indian/Alaskan Native including Hispanic
6,California,2020,"15,706,102",Hispanic All Races
6,California,2020,"11,307,373",All Non-White Races including Hispanic
8,Colorado,2018,"4,955,043",White including Hispanic
8,Colorado,2018,"260,756",Black including Hispanic
8,Colorado,2018,"178,515",Other including Hispanic
8,Colorado,2018,"92,940",American Indian/Alaskan Native including Hispanic
8,Colorado,2018,"1,234,141",Hispanic All Races
8,Colorado,2018,"742,112",All Non-White Races including Hispanic
8,Colorado,2019,"5,000,945",White including Hispanic
8,Colorado,2019,"265,056",Black including Hispanic
8,Colorado,2019,"183,397",Other including Hispanic
8,Colorado,2019,"94,810",American Indian/Alaskan Native including Hispanic
8,Colorado,2019,"1,255,050",Hispanic All Races
8,Colorado,2019,"757,541",All Non-White Races including Hispanic
8,Colorado,2020,"5,012,802",White including Hispanic
8,Colorado,2020,"268,261",Black including Hispanic
8,Colorado,2020,"188,942",Other including Hispanic
8,Colorado,2020,"96,445",American Indian/Alaskan Native including Hispanic
8,Colorado,2020,"1,276,667",Hispanic All Races
8,Colorado,2020,"771,506",All Non-White Races including Hispanic
9,Connecticut,2018,"2,855,565",White including Hispanic
9,Connecticut,2018,"431,241",Black including Hispanic
9,Connecticut,2018,"87,651",Other including Hispanic
9,Connecticut,2018,"21,650",American Indian/Alaskan Native including Hispanic
9,Connecticut,2018,"590,328",Hispanic All Races
9,Connecticut,2018,"718,996",All Non-White Races including Hispanic
9,Connecticut,2019,"2,835,463",White including Hispanic
9,Connecticut,2019,"437,841",Black including Hispanic
9,Connecticut,2019,"89,545",Other including Hispanic
9,Connecticut,2019,"22,313",American Indian/Alaskan Native including Hispanic
9,Connecticut,2019,"601,081",Hispanic All Races
9,Connecticut,2019,"730,559",All Non-White Races including Hispanic
9,Connecticut,2020,"2,849,301",White including Hispanic
9,Connecticut,2020,"450,280",Black including Hispanic
9,Connecticut,2020,"92,617",Other including Hispanic
9,Connecticut,2020,"23,309",American Indian/Alaskan Native including Hispanic
9,Connecticut,2020,"623,862",Hispanic All Races
9,Connecticut,2020,"750,959",All Non-White Races including Hispanic
10,Delaware,2018,"670,278",White including Hispanic
10,Delaware,2018,"222,445",Black including Hispanic
10,Delaware,2018,"27,006",Other including Hispanic
10,Delaware,2018,"6,543",American Indian/Alaskan Native including Hispanic
10,Delaware,2018,"91,407",Hispanic All Races
10,Delaware,2018,"296,707",All Non-White Races including Hispanic
10,Delaware,2019,"673,449",White including Hispanic
10,Delaware,2019,"226,566",Black including Hispanic
10,Delaware,2019,"27,866",Other including Hispanic
10,Delaware,2019,"6,696",American Indian/Alaskan Native including Hispanic
10,Delaware,2019,"94,154",Hispanic All Races
10,Delaware,2019,"303,219",All Non-White Races including Hispanic
10,Delaware,2020,"680,752",White including Hispanic
10,Delaware,2020,"232,465",Black including Hispanic
10,Delaware,2020,"28,846",Other including Hispanic
10,Delaware,2020,"6,950",American Indian/Alaskan Native including Hispanic
10,Delaware,2020,"98,289",Hispanic All Races
10,Delaware,2020,"311,134",All Non-White Races including Hispanic
11,District of Columbia,2018,"319,355",White including Hispanic
11,District of Columbia,2018,"328,536",Black including Hispanic
11,District of Columbia,2018,"19,909",Other including Hispanic
11,District of Columbia,2018,"4,264",American Indian/Alaskan Native including Hispanic
11,District of Columbia,2018,"78,217",Hispanic All Races
11,District of Columbia,2018,"384,792",All Non-White Races including Hispanic
11,District of Columbia,2019,"324,529",White including Hispanic
11,District of Columbia,2019,"326,019",Black including Hispanic
11,District of Columbia,2019,"20,590",Other including Hispanic
11,District of Columbia,2019,"4,318",American Indian/Alaskan Native including Hispanic
11,District of Columbia,2019,"79,838",Hispanic All Races
11,District of Columbia,2019,"383,724",All Non-White Races including Hispanic
11,District of Columbia,2020,"319,126",White including Hispanic
11,District of Columbia,2020,"313,838",Black including Hispanic
11,District of Columbia,2020,"20,597",Other including Hispanic
11,District of Columbia,2020,"4,138",American Indian/Alaskan Native including Hispanic
11,District of Columbia,2020,"78,854",Hispanic All Races
11,District of Columbia,2020,"370,967",All Non-White Races including Hispanic
12,Florida,2018,"16,429,818",White including Hispanic
12,Florida,2018,"3,603,310",Black including Hispanic
12,Florida,2018,"464,488",Other including Hispanic
12,Florida,2018,"108,152",American Indian/Alaskan Native including Hispanic
12,Florida,2018,"5,496,345",Hispanic All Races
12,Florida,2018,"4,825,108",All Non-White Races including Hispanic
12,Florida,2019,"16,585,364",White including Hispanic
12,Florida,2019,"3,650,637",Black including Hispanic
12,Florida,2019,"479,790",Other including Hispanic
12,Florida,2019,"111,067",American Indian/Alaskan Native including Hispanic
12,Florida,2019,"5,621,362",Hispanic All Races
12,Florida,2019,"4,906,692",All Non-White Races including Hispanic
12,Florida,2020,"16,609,348",White including Hispanic
12,Florida,2020,"3,675,616",Black including Hispanic
12,Florida,2020,"495,467",Other including Hispanic
12,Florida,2020,"114,138",American Indian/Alaskan Native including Hispanic
12,Florida,2020,"5,730,412",Hispanic All Races
12,Florida,2020,"4,960,584",All Non-White Races including Hispanic
13,Georgia,2018,"6,355,665",White including Hispanic
13,Georgia,2018,"3,410,817",Black including Hispanic
13,Georgia,2018,"229,649",Other including Hispanic
13,Georgia,2018,"54,899",American Indian/Alaskan Native including Hispanic
13,Georgia,2018,"1,015,903",Hispanic All Races
13,Georgia,2018,"4,163,724",All Non-White Races including Hispanic
13,Georgia,2019,"6,384,844",White including Hispanic
13,Georgia,2019,"3,465,113",Black including Hispanic
13,Georgia,2019,"237,841",Other including Hispanic
13,Georgia,2019,"56,234",American Indian/Alaskan Native including Hispanic
13,Georgia,2019,"1,042,080",Hispanic All Races
13,Georgia,2019,"4,243,176",All Non-White Races including Hispanic
13,Georgia,2020,"6,406,015",White including Hispanic
13,Georgia,2020,"3,518,355",Black including Hispanic
13,Georgia,2020,"246,627",Other including Hispanic
13,Georgia,2020,"57,736",American Indian/Alaskan Native including Hispanic
13,Georgia,2020,"1,076,724",Hispanic All Races
13,Georgia,2020,"4,319,785",All Non-White Races including Hispanic
15,Hawaii,2018,"362,334",White including Hispanic
15,Hawaii,2018,"30,895",Black including Hispanic
15,Hawaii,2018,"344,768",Other including Hispanic
15,Hawaii,2018,"5,454",American Indian/Alaskan Native including Hispanic
15,Hawaii,2018,"153,250",Hispanic All Races
15,Hawaii,2018,"1,060,768",All Non-White Races including Hispanic
15,Hawaii,2019,"358,640",White including Hispanic
15,Hawaii,2019,"30,814",Black including Hispanic
15,Hawaii,2019,"345,660",Other including Hispanic
15,Hawaii,2019,"5,430",American Indian/Alaskan Native including Hispanic
15,Hawaii,2019,"154,045",Hispanic All Races
15,Hawaii,2019,"1,056,975",All Non-White Races including Hispanic
15,Hawaii,2020,"367,358",White including Hispanic
15,Hawaii,2020,"31,739",Black including Hispanic
15,Hawaii,2020,"359,120",Other including Hispanic
15,Hawaii,2020,"5,716",American Indian/Alaskan Native including Hispanic
15,Hawaii,2020,"160,077",Hispanic All Races
15,Hawaii,2020,"1,084,553",All Non-White Races including Hispanic
16,Idaho,2018,"1,631,664",White including Hispanic
16,Idaho,2018,"15,400",Black including Hispanic
16,Idaho,2018,"43,334",Other including Hispanic
16,Idaho,2018,"30,515",American Indian/Alaskan Native including Hispanic
16,Idaho,2018,"222,587",Hispanic All Races
16,Idaho,2018,"120,410",All Non-White Races including Hispanic
16,Idaho,2019,"1,664,352",White including Hispanic
16,Idaho,2019,"15,987",Black including Hispanic
16,Idaho,2019,"45,360",Other including Hispanic
16,Idaho,2019,"31,144",American Indian/Alaskan Native including Hispanic
16,Idaho,2019,"230,189",Hispanic All Races
16,Idaho,2019,"124,708",All Non-White Races including Hispanic
16,Idaho,2020,"1,716,927",White including Hispanic
16,Idaho,2020,"16,982",Black including Hispanic
16,Idaho,2020,"47,970",Other including Hispanic
16,Idaho,2020,"32,292",American Indian/Alaskan Native including Hispanic
16,Idaho,2020,"241,833",Hispanic All Races
16,Idaho,2020,"130,845",All Non-White Races including Hispanic
17,Illinois,2018,"9,767,272",White including Hispanic
17,Illinois,2018,"1,866,004",Black including Hispanic
17,Illinois,2018,"259,344",Other including Hispanic
17,Illinois,2018,"75,538",American Indian/Alaskan Native including Hispanic
17,Illinois,2018,"2,192,625",Hispanic All Races
17,Illinois,2018,"2,957,413",All Non-White Races including Hispanic
17,Illinois,2019,"9,703,046",White including Hispanic
17,Illinois,2019,"1,859,309",Black including Hispanic
17,Illinois,2019,"264,180",Other including Hispanic
17,Illinois,2019,"76,467",American Indian/Alaskan Native including Hispanic
17,Illinois,2019,"2,206,243",Hispanic All Races
17,Illinois,2019,"2,963,971",All Non-White Races including Hispanic
17,Illinois,2020,"9,773,575",White including Hispanic
17,Illinois,2020,"1,880,931",Black including Hispanic
17,Illinois,2020,"273,115",Other including Hispanic
17,Illinois,2020,"78,862",American Indian/Alaskan Native including Hispanic
17,Illinois,2020,"2,271,802",Hispanic All Races
17,Illinois,2020,"3,011,670",All Non-White Races including Hispanic
18,Indiana,2018,"5,692,714",White including Hispanic
18,Indiana,2018,"663,974",Black including Hispanic
18,Indiana,2018,"142,372",Other including Hispanic
18,Indiana,2018,"27,852",American Indian/Alaskan Native including Hispanic
18,Indiana,2018,"475,603",Hispanic All Races
18,Indiana,2018,"1,005,767",All Non-White Races including Hispanic
18,Indiana,2019,"5,703,311",White including Hispanic
18,Indiana,2019,"673,700",Black including Hispanic
18,Indiana,2019,"146,872",Other including Hispanic
18,Indiana,2019,"28,608",American Indian/Alaskan Native including Hispanic
18,Indiana,2019,"489,687",Hispanic All Races
18,Indiana,2019,"1,027,699",All Non-White Races including Hispanic
18,Indiana,2020,"5,733,020",White including Hispanic
18,Indiana,2020,"686,041",Black including Hispanic
18,Indiana,2020,"152,778",Other including Hispanic
18,Indiana,2020,"29,455",American Indian/Alaskan Native including Hispanic
18,Indiana,2020,"508,910",Hispanic All Races
18,Indiana,2020,"1,052,624",All Non-White Races including Hispanic
19,Iowa,2018,"2,857,883",White including Hispanic
19,Iowa,2018,"125,912",Black including Hispanic
19,Iowa,2018,"61,179",Other including Hispanic
19,Iowa,2018,"16,862",American Indian/Alaskan Native including Hispanic
19,Iowa,2018,"194,626",Hispanic All Races
19,Iowa,2018,"292,017",All Non-White Races including Hispanic
19,Iowa,2019,"2,858,020",White including Hispanic
19,Iowa,2019,"130,175",Black including Hispanic
19,Iowa,2019,"63,090",Other including Hispanic
19,Iowa,2019,"17,250",American Indian/Alaskan Native including Hispanic
19,Iowa,2019,"200,424",Hispanic All Races
19,Iowa,2019,"301,576",All Non-White Races including Hispanic
19,Iowa,2020,"2,878,676",White including Hispanic
19,Iowa,2020,"134,106",Black including Hispanic
19,Iowa,2020,"65,136",Other including Hispanic
19,Iowa,2020,"17,716",American Indian/Alaskan Native including Hispanic
19,Iowa,2020,"209,236",Hispanic All Races
19,Iowa,2020,"309,993",All Non-White Races including Hispanic
20,Kansas,2018,"2,514,182",White including Hispanic
20,Kansas,2018,"179,271",Black including Hispanic
20,Kansas,2018,"88,738",Other including Hispanic
20,Kansas,2018,"34,600",American Indian/Alaskan Native including Hispanic
20,Kansas,2018,"352,043",Hispanic All Races
20,Kansas,2018,"398,566",All Non-White Races including Hispanic
20,Kansas,2019,"2,510,853",White including Hispanic
20,Kansas,2019,"179,437",Black including Hispanic
20,Kansas,2019,"90,639",Other including Hispanic
20,Kansas,2019,"35,124",American Indian/Alaskan Native including Hispanic
20,Kansas,2019,"357,005",Hispanic All Races
20,Kansas,2019,"401,782",All Non-White Races including Hispanic
20,Kansas,2020,"2,527,184",White including Hispanic
20,Kansas,2020,"181,411",Black including Hispanic
20,Kansas,2020,"93,649",Other including Hispanic
20,Kansas,2020,"35,778",American Indian/Alaskan Native including Hispanic
20,Kansas,2020,"367,947",Hispanic All Races
20,Kansas,2020,"408,696",All Non-White Races including Hispanic
21,Kentucky,2018,"3,911,710",White including Hispanic
21,Kentucky,2018,"374,783",Black including Hispanic
21,Kentucky,2018,"89,032",Other including Hispanic
21,Kentucky,2018,"13,276",American Indian/Alaskan Native including Hispanic
21,Kentucky,2018,"170,925",Hispanic All Races
21,Kentucky,2018,"552,563",All Non-White Races including Hispanic
21,Kentucky,2019,"3,910,658",White including Hispanic
21,Kentucky,2019,"378,775",Black including Hispanic
21,Kentucky,2019,"91,847",Other including Hispanic
21,Kentucky,2019,"13,404",American Indian/Alaskan Native including Hispanic
21,Kentucky,2019,"175,127",Hispanic All Races
21,Kentucky,2019,"561,687",All Non-White Races including Hispanic
21,Kentucky,2020,"3,930,066",White including Hispanic
21,Kentucky,2020,"385,229",Black including Hispanic
21,Kentucky,2020,"94,968",Other including Hispanic
21,Kentucky,2020,"13,727",American Indian/Alaskan Native including Hispanic
21,Kentucky,2020,"181,904",Hispanic All Races
21,Kentucky,2020,"573,892",All Non-White Races including Hispanic
22,Louisiana,2018,"2,930,652",White including Hispanic
22,Louisiana,2018,"1,530,225",Black including Hispanic
22,Louisiana,2018,"78,881",Other including Hispanic
22,Louisiana,2018,"36,782",American Indian/Alaskan Native including Hispanic
22,Louisiana,2018,"241,936",Hispanic All Races
22,Louisiana,2018,"1,733,798",All Non-White Races including Hispanic
22,Louisiana,2019,"2,920,412",White including Hispanic
22,Louisiana,2019,"1,531,041",Black including Hispanic
22,Louisiana,2019,"80,797",Other including Hispanic
22,Louisiana,2019,"36,908",American Indian/Alaskan Native including Hispanic
22,Louisiana,2019,"247,865",Hispanic All Races
22,Louisiana,2019,"1,737,873",All Non-White Races including Hispanic
22,Louisiana,2020,"2,907,870",White including Hispanic
22,Louisiana,2020,"1,532,957",Black including Hispanic
22,Louisiana,2020,"82,957",Other including Hispanic
22,Louisiana,2020,"37,461",American Indian/Alaskan Native including Hispanic
22,Louisiana,2020,"254,000",Hispanic All Races
22,Louisiana,2020,"1,743,333",All Non-White Races including Hispanic
23,Maine,2018,"1,267,464",White including Hispanic
23,Maine,2018,"21,997",Black including Hispanic
23,Maine,2018,"23,663",Other including Hispanic
23,Maine,2018,"9,444",American Indian/Alaskan Native including Hispanic
23,Maine,2018,"22,888",Hispanic All Races
23,Maine,2018,"72,659",All Non-White Races including Hispanic
23,Maine,2019,"1,270,533",White including Hispanic
23,Maine,2019,"23,208",Black including Hispanic
23,Maine,2019,"24,340",Other including Hispanic
23,Maine,2019,"9,544",American Indian/Alaskan Native including Hispanic
23,Maine,2019,"24,098",Hispanic All Races
23,Maine,2019,"75,237",All Non-White Races including Hispanic
23,Maine,2020,"1,284,548",White including Hispanic
23,Maine,2020,"24,066",Black including Hispanic
23,Maine,2020,"25,247",Other including Hispanic
23,Maine,2020,"9,734",American Indian/Alaskan Native including Hispanic
23,Maine,2020,"25,661",Hispanic All Races
23,Maine,2020,"77,732",All Non-White Races including Hispanic
24,Maryland,2018,"3,543,575",White including Hispanic
24,Maryland,2018,"1,872,070",Black including Hispanic
24,Maryland,2018,"176,734",Other including Hispanic
24,Maryland,2018,"36,902",American Indian/Alaskan Native including Hispanic
24,Maryland,2018,"620,598",Hispanic All Races
24,Maryland,2018,"2,498,578",All Non-White Races including Hispanic
24,Maryland,2019,"3,532,244",White including Hispanic
24,Maryland,2019,"1,885,534",Black including Hispanic
24,Maryland,2019,"180,910",Other including Hispanic
24,Maryland,2019,"37,723",American Indian/Alaskan Native including Hispanic
24,Maryland,2019,"638,293",Hispanic All Races
24,Maryland,2019,"2,522,710",All Non-White Races including Hispanic
24,Maryland,2020,"3,581,329",White including Hispanic
24,Maryland,2020,"1,932,677",Black including Hispanic
24,Maryland,2020,"188,408",Other including Hispanic
24,Maryland,2020,"39,459",American Indian/Alaskan Native including Hispanic
24,Maryland,2020,"670,685",Hispanic All Races
24,Maryland,2020,"2,591,350",All Non-White Races including Hispanic
25,Massachusetts,2018,"5,565,295",White including Hispanic
25,Massachusetts,2018,"617,086",Black including Hispanic
25,Massachusetts,2018,"172,083",Other including Hispanic
25,Massachusetts,2018,"34,382",American Indian/Alaskan Native including Hispanic
25,Massachusetts,2018,"833,650",Hispanic All Races
25,Massachusetts,2018,"1,320,425",All Non-White Races including Hispanic
25,Massachusetts,2019,"5,545,565",White including Hispanic
25,Massachusetts,2019,"627,476",Black including Hispanic
25,Massachusetts,2019,"176,903",Other including Hispanic
25,Massachusetts,2019,"34,990",American Indian/Alaskan Native including Hispanic
25,Massachusetts,2019,"850,345",Hispanic All Races
25,Massachusetts,2019,"1,349,318",All Non-White Races including Hispanic
25,Massachusetts,2020,"5,625,539",White including Hispanic
25,Massachusetts,2020,"647,009",Black including Hispanic
25,Massachusetts,2020,"184,091",Other including Hispanic
25,Massachusetts,2020,"36,538",American Indian/Alaskan Native including Hispanic
25,Massachusetts,2020,"887,049",Hispanic All Races
25,Massachusetts,2020,"1,396,681",All Non-White Races including Hispanic
26,Michigan,2018,"7,916,061",White including Hispanic
26,Michigan,2018,"1,408,986",Black including Hispanic
26,Michigan,2018,"251,378",Other including Hispanic
26,Michigan,2018,"72,448",American Indian/Alaskan Native including Hispanic
26,Michigan,2018,"521,419",Hispanic All Races
26,Michigan,2018,"2,071,225",All Non-White Races including Hispanic
26,Michigan,2019,"7,904,285",White including Hispanic
26,Michigan,2019,"1,408,989",Black including Hispanic
26,Michigan,2019,"257,204",Other including Hispanic
26,Michigan,2019,"73,069",American Indian/Alaskan Native including Hispanic
26,Michigan,2019,"533,351",Hispanic All Races
26,Michigan,2019,"2,080,510",All Non-White Races including Hispanic
26,Michigan,2020,"7,959,124",White including Hispanic
26,Michigan,2020,"1,421,548",Black including Hispanic
26,Michigan,2020,"266,699",Other including Hispanic
26,Michigan,2020,"74,420",American Indian/Alaskan Native including Hispanic
26,Michigan,2020,"551,581",Hispanic All Races
26,Michigan,2020,"2,108,540",All Non-White Races including Hispanic
27,Minnesota,2018,"4,708,611",White including Hispanic
27,Minnesota,2018,"384,844",Black including Hispanic
27,Minnesota,2018,"144,609",Other including Hispanic
27,Minnesota,2018,"76,482",American Indian/Alaskan Native including Hispanic
27,Minnesota,2018,"309,182",Hispanic All Races
27,Minnesota,2018,"900,151",All Non-White Races including Hispanic
27,Minnesota,2019,"4,714,550",White including Hispanic
27,Minnesota,2019,"399,280",Black including Hispanic
27,Minnesota,2019,"148,555",Other including Hispanic
27,Minnesota,2019,"76,985",American Indian/Alaskan Native including Hispanic
27,Minnesota,2019,"315,863",Hispanic All Races
27,Minnesota,2019,"925,503",All Non-White Races including Hispanic
27,Minnesota,2020,"4,751,407",White including Hispanic
27,Minnesota,2020,"414,684",Black including Hispanic
27,Minnesota,2020,"154,100",Other including Hispanic
27,Minnesota,2020,"78,629",American Indian/Alaskan Native including Hispanic
27,Minnesota,2020,"327,426",Hispanic All Races
27,Minnesota,2020,"955,758",All Non-White Races including Hispanic
28,Mississippi,2018,"1,762,656",White including Hispanic
28,Mississippi,2018,"1,128,789",Black including Hispanic
28,Mississippi,2018,"38,828",Other including Hispanic
28,Mississippi,2018,"18,300",American Indian/Alaskan Native including Hispanic
28,Mississippi,2018,"97,966",Hispanic All Races
28,Mississippi,2018,"1,220,223",All Non-White Races including Hispanic
28,Mississippi,2019,"1,757,730",White including Hispanic
28,Mississippi,2019,"1,127,317",Black including Hispanic
28,Mississippi,2019,"39,922",Other including Hispanic
28,Mississippi,2019,"18,507",American Indian/Alaskan Native including Hispanic
28,Mississippi,2019,"99,492",Hispanic All Races
28,Mississippi,2019,"1,220,497",All Non-White Races including Hispanic
28,Mississippi,2020,"1,740,027",White including Hispanic
28,Mississippi,2020,"1,122,302",Black including Hispanic
28,Mississippi,2020,"40,999",Other including Hispanic
28,Mississippi,2020,"18,631",American Indian/Alaskan Native including Hispanic
28,Mississippi,2020,"100,530",Hispanic All Races
28,Mississippi,2020,"1,216,843",All Non-White Races including Hispanic
29,Missouri,2018,"5,082,043",White including Hispanic
29,Missouri,2018,"724,435",Black including Hispanic
29,Missouri,2018,"144,992",Other including Hispanic
29,Missouri,2018,"35,147",American Indian/Alaskan Native including Hispanic
29,Missouri,2018,"262,910",Hispanic All Races
29,Missouri,2018,"1,043,943",All Non-White Races including Hispanic
29,Missouri,2019,"5,086,254",White including Hispanic
29,Missouri,2019,"725,728",Black including Hispanic
29,Missouri,2019,"148,676",Other including Hispanic
29,Missouri,2019,"35,899",American Indian/Alaskan Native including Hispanic
29,Missouri,2019,"269,836",Hispanic All Races
29,Missouri,2019,"1,054,221",All Non-White Races including Hispanic
29,Missouri,2020,"5,089,340",White including Hispanic
29,Missouri,2020,"727,560",Black including Hispanic
29,Missouri,2020,"153,813",Other including Hispanic
29,Missouri,2020,"36,678",American Indian/Alaskan Native including Hispanic
29,Missouri,2020,"278,528",Hispanic All Races
29,Missouri,2020,"1,065,141",All Non-White Races including Hispanic
30,Montana,2018,"945,167",White including Hispanic
30,Montana,2018,"6,210",Black including Hispanic
30,Montana,2018,"29,296",Other including Hispanic
30,Montana,2018,"70,468",American Indian/Alaskan Native including Hispanic
30,Montana,2018,"42,313",Hispanic All Races
30,Montana,2018,"116,651",All Non-White Races including Hispanic
30,Montana,2019,"951,496",White including Hispanic
30,Montana,2019,"6,360",Black including Hispanic
30,Montana,2019,"30,270",Other including Hispanic
30,Montana,2019,"70,674",American Indian/Alaskan Native including Hispanic
30,Montana,2019,"43,494",Hispanic All Races
30,Montana,2019,"118,627",All Non-White Races including Hispanic
30,Montana,2020,"964,391",White including Hispanic
30,Montana,2020,"6,559",Black including Hispanic
30,Montana,2020,"31,498",Other including Hispanic
30,Montana,2020,"72,110",American Indian/Alaskan Native including Hispanic
30,Montana,2020,"45,577",Hispanic All Races
30,Montana,2020,"121,802",All Non-White Races including Hispanic
31,Nebraska,2018,"1,697,961",White including Hispanic
31,Nebraska,2018,"99,602",Black including Hispanic
31,Nebraska,2018,"43,683",Other including Hispanic
31,Nebraska,2018,"29,997",American Indian/Alaskan Native including Hispanic
31,Nebraska,2018,"215,879",Hispanic All Races
31,Nebraska,2018,"227,551",All Non-White Races including Hispanic
31,Nebraska,2019,"1,700,827",White including Hispanic
31,Nebraska,2019,"101,015",Black including Hispanic
31,Nebraska,2019,"44,977",Other including Hispanic
31,Nebraska,2019,"30,507",American Indian/Alaskan Native including Hispanic
31,Nebraska,2019,"221,125",Hispanic All Races
31,Nebraska,2019,"231,744",All Non-White Races including Hispanic
31,Nebraska,2020,"1,722,615",White including Hispanic
31,Nebraska,2020,"104,007",Black including Hispanic
31,Nebraska,2020,"46,792",Other including Hispanic
31,Nebraska,2020,"31,457",American Indian/Alaskan Native including Hispanic
31,Nebraska,2020,"230,284",Hispanic All Races
31,Nebraska,2020,"238,840",All Non-White Races including Hispanic
32,Nevada,2018,"2,246,756",White including Hispanic
32,Nevada,2018,"307,761",Black including Hispanic
32,Nevada,2018,"138,081",Other including Hispanic
32,Nevada,2018,"50,723",American Indian/Alaskan Native including Hispanic
32,Nevada,2018,"875,341",Hispanic All Races
32,Nevada,2018,"783,969",All Non-White Races including Hispanic
32,Nevada,2019,"2,276,023",White including Hispanic
32,Nevada,2019,"319,249",Black including Hispanic
32,Nevada,2019,"145,008",Other including Hispanic
32,Nevada,2019,"52,046",American Indian/Alaskan Native including Hispanic
32,Nevada,2019,"901,514",Hispanic All Races
32,Nevada,2019,"814,748",All Non-White Races including Hispanic
32,Nevada,2020,"2,280,227",White including Hispanic
32,Nevada,2020,"326,263",Black including Hispanic
32,Nevada,2020,"149,836",Other including Hispanic
32,Nevada,2020,"53,103",American Indian/Alaskan Native including Hispanic
32,Nevada,2020,"922,945",Hispanic All Races
32,Nevada,2020,"833,844",All Non-White Races including Hispanic
33,New Hampshire,2018,"1,263,057",White including Hispanic
33,New Hampshire,2018,"23,520",Black including Hispanic
33,New Hampshire,2018,"23,451",Other including Hispanic
33,New Hampshire,2018,"4,090",American Indian/Alaskan Native including Hispanic
33,New Hampshire,2018,"52,852",Hispanic All Races
33,New Hampshire,2018,"92,007",All Non-White Races including Hispanic
33,New Hampshire,2019,"1,266,033",White including Hispanic
33,New Hampshire,2019,"24,765",Black including Hispanic
33,New Hampshire,2019,"24,034",Other including Hispanic
33,New Hampshire,2019,"4,108",American Indian/Alaskan Native including Hispanic
33,New Hampshire,2019,"55,137",Hispanic All Races
33,New Hampshire,2019,"94,750",All Non-White Races including Hispanic
33,New Hampshire,2020,"1,280,372",White including Hispanic
33,New Hampshire,2020,"25,818",Black including Hispanic
33,New Hampshire,2020,"24,760",Other including Hispanic
33,New Hampshire,2020,"4,220",American Indian/Alaskan Native including Hispanic
33,New Hampshire,2020,"58,319",Hispanic All Races
33,New Hampshire,2020,"97,476",All Non-White Races including Hispanic
34,New Jersey,2018,"6,399,471",White including Hispanic
34,New Jersey,2018,"1,336,815",Black including Hispanic
34,New Jersey,2018,"199,569",Other including Hispanic
34,New Jersey,2018,"57,530",American Indian/Alaskan Native including Hispanic
34,New Jersey,2018,"1,817,704",Hispanic All Races
34,New Jersey,2018,"2,492,259",All Non-White Races including Hispanic
34,New Jersey,2019,"6,374,241",White including Hispanic
34,New Jersey,2019,"1,344,290",Black including Hispanic
34,New Jersey,2019,"203,452",Other including Hispanic
34,New Jersey,2019,"58,979",American Indian/Alaskan Native including Hispanic
34,New Jersey,2019,"1,846,291",Hispanic All Races
34,New Jersey,2019,"2,517,017",All Non-White Races including Hispanic
34,New Jersey,2020,"6,626,866",White including Hispanic
34,New Jersey,2020,"1,413,351",Black including Hispanic
34,New Jersey,2020,"215,748",Other including Hispanic
34,New Jersey,2020,"63,419",American Indian/Alaskan Native including Hispanic
34,New Jersey,2020,"1,967,330",Hispanic All Races
34,New Jersey,2020,"2,652,877",All Non-White Races including Hispanic
35,New Mexico,2018,"1,713,439",White including Hispanic
35,New Mexico,2018,"54,095",Black including Hispanic
35,New Mexico,2018,"54,103",Other including Hispanic
35,New Mexico,2018,"231,255",American Indian/Alaskan Native including Hispanic
35,New Mexico,2018,"1,032,594",Hispanic All Races
35,New Mexico,2018,"380,315",All Non-White Races including Hispanic
35,New Mexico,2019,"1,714,522",White including Hispanic
35,New Mexico,2019,"55,561",Black including Hispanic
35,New Mexico,2019,"55,458",Other including Hispanic
35,New Mexico,2019,"232,331",American Indian/Alaskan Native including Hispanic
35,New Mexico,2019,"1,039,266",Hispanic All Races
35,New Mexico,2019,"385,112",All Non-White Races including Hispanic
35,New Mexico,2020,"1,725,120",White including Hispanic
35,New Mexico,2020,"56,618",Black including Hispanic
35,New Mexico,2020,"56,766",Other including Hispanic
35,New Mexico,2020,"236,206",American Indian/Alaskan Native including Hispanic
35,New Mexico,2020,"1,055,437",Hispanic All Races
35,New Mexico,2020,"392,446",All Non-White Races including Hispanic
36,New York,2018,"13,614,664",White including Hispanic
36,New York,2018,"3,439,040",Black including Hispanic
36,New York,2018,"507,095",Other including Hispanic
36,New York,2018,"195,567",American Indian/Alaskan Native including Hispanic
36,New York,2018,"3,728,743",Hispanic All Races
36,New York,2018,"5,929,434",All Non-White Races including Hispanic
36,New York,2019,"13,522,668",White including Hispanic
36,New York,2019,"3,425,736",Black including Hispanic
36,New York,2019,"515,720",Other including Hispanic
36,New York,2019,"196,186",American Indian/Alaskan Native including Hispanic
36,New York,2019,"3,734,867",Hispanic All Races
36,New York,2019,"5,940,463",All Non-White Races including Hispanic
36,New York,2020,"13,966,445",White including Hispanic
36,New York,2020,"3,551,555",Black including Hispanic
36,New York,2020,"545,036",Other including Hispanic
36,New York,2020,"206,179",American Indian/Alaskan Native including Hispanic
36,New York,2020,"3,910,383",Hispanic All Races
36,New York,2020,"6,188,488",All Non-White Races including Hispanic
37,North Carolina,2018,"7,333,373",White including Hispanic
37,North Carolina,2018,"2,311,259",Black including Hispanic
37,North Carolina,2018,"240,117",Other including Hispanic
37,North Carolina,2018,"164,483",American Indian/Alaskan Native including Hispanic
37,North Carolina,2018,"992,905",Hispanic All Races
37,North Carolina,2018,"3,057,985",All Non-White Races including Hispanic
37,North Carolina,2019,"7,393,685",White including Hispanic
37,North Carolina,2019,"2,336,825",Black including Hispanic
37,North Carolina,2019,"248,871",Other including Hispanic
37,North Carolina,2019,"166,662",American Indian/Alaskan Native including Hispanic
37,North Carolina,2019,"1,023,296",Hispanic All Races
37,North Carolina,2019,"3,107,699",All Non-White Races including Hispanic
37,North Carolina,2020,"7,342,608",White including Hispanic
37,North Carolina,2020,"2,327,921",Black including Hispanic
37,North Carolina,2020,"256,425",Other including Hispanic
37,North Carolina,2020,"166,659",American Indian/Alaskan Native including Hispanic
37,North Carolina,2020,"1,046,203",Hispanic All Races
37,North Carolina,2020,"3,114,569",All Non-White Races including Hispanic
38,North Dakota,2018,"661,909",White including Hispanic
38,North Dakota,2018,"25,255",Black including Hispanic
38,North Dakota,2018,"16,728",Other including Hispanic
38,North Dakota,2018,"42,330",American Indian/Alaskan Native including Hispanic
38,North Dakota,2018,"30,317",Hispanic All Races
38,North Dakota,2018,"98,153",All Non-White Races including Hispanic
38,North Dakota,2019,"663,497",White including Hispanic
38,North Dakota,2019,"26,087",Black including Hispanic
38,North Dakota,2019,"17,630",Other including Hispanic
38,North Dakota,2019,"42,620",American Indian/Alaskan Native including Hispanic
38,North Dakota,2019,"31,939",Hispanic All Races
38,North Dakota,2019,"100,227",All Non-White Races including Hispanic
38,North Dakota,2020,"675,570",White including Hispanic
38,North Dakota,2020,"27,210",Black including Hispanic
38,North Dakota,2020,"18,310",Other including Hispanic
38,North Dakota,2020,"43,978",American Indian/Alaskan Native including Hispanic
38,North Dakota,2020,"34,136",Hispanic All Races
38,North Dakota,2020,"103,392",All Non-White Races including Hispanic
39,Ohio,2018,"9,557,587",White including Hispanic
39,Ohio,2018,"1,519,161",Black including Hispanic
39,Ohio,2018,"275,801",Other including Hispanic
39,Ohio,2018,"33,487",American Indian/Alaskan Native including Hispanic
39,Ohio,2018,"461,379",Hispanic All Races
39,Ohio,2018,"2,123,305",All Non-White Races including Hispanic
39,Ohio,2019,"9,543,019",White including Hispanic
39,Ohio,2019,"1,530,066",Black including Hispanic
39,Ohio,2019,"284,061",Other including Hispanic
39,Ohio,2019,"34,001",American Indian/Alaskan Native including Hispanic
39,Ohio,2019,"475,203",Hispanic All Races
39,Ohio,2019,"2,153,488",All Non-White Races including Hispanic
39,Ohio,2020,"9,593,738",White including Hispanic
39,Ohio,2020,"1,552,241",Black including Hispanic
39,Ohio,2020,"295,222",Other including Hispanic
39,Ohio,2020,"34,821",American Indian/Alaskan Native including Hispanic
39,Ohio,2020,"495,353",Hispanic All Races
39,Ohio,2020,"2,196,849",All Non-White Races including Hispanic
40,Oklahoma,2018,"2,914,041",White including Hispanic
40,Oklahoma,2018,"305,306",Black including Hispanic
40,Oklahoma,2018,"244,446",Other including Hispanic
40,Oklahoma,2018,"378,579",American Indian/Alaskan Native including Hispanic
40,Oklahoma,2018,"431,998",Hispanic All Races
40,Oklahoma,2018,"1,029,447",All Non-White Races including Hispanic
40,Oklahoma,2019,"2,918,808",White including Hispanic
40,Oklahoma,2019,"307,330",Black including Hispanic
40,Oklahoma,2019,"249,882",Other including Hispanic
40,Oklahoma,2019,"381,143",American Indian/Alaskan Native including Hispanic
40,Oklahoma,2019,"442,018",Hispanic All Races
40,Oklahoma,2019,"1,041,868",All Non-White Races including Hispanic
40,Oklahoma,2020,"2,907,220",White including Hispanic
40,Oklahoma,2020,"309,496",Black including Hispanic
40,Oklahoma,2020,"256,486",Other including Hispanic
40,Oklahoma,2020,"384,062",American Indian/Alaskan Native including Hispanic
40,Oklahoma,2020,"454,130",Hispanic All Races
40,Oklahoma,2020,"1,054,811",All Non-White Races including Hispanic
41,Oregon,2018,"3,630,853",White including Hispanic
41,Oregon,2018,"91,216",Black including Hispanic
41,Oregon,2018,"164,785",Other including Hispanic
41,Oregon,2018,"76,514",American Indian/Alaskan Native including Hispanic
41,Oregon,2018,"553,289",Hispanic All Races
41,Oregon,2018,"552,685",All Non-White Races including Hispanic
41,Oregon,2019,"3,650,867",White including Hispanic
41,Oregon,2019,"93,259",Black including Hispanic
41,Oregon,2019,"169,522",Other including Hispanic
41,Oregon,2019,"77,778",American Indian/Alaskan Native including Hispanic
41,Oregon,2019,"566,811",Hispanic All Races
41,Oregon,2019,"565,249",All Non-White Races including Hispanic
41,Oregon,2020,"3,663,912",White including Hispanic
41,Oregon,2020,"95,125",Black including Hispanic
41,Oregon,2020,"174,997",Other including Hispanic
41,Oregon,2020,"79,306",American Indian/Alaskan Native including Hispanic
41,Oregon,2020,"584,919",Hispanic All Races
41,Oregon,2020,"577,632",All Non-White Races including Hispanic
42,Pennsylvania,2018,"10,468,819",White including Hispanic
42,Pennsylvania,2018,"1,536,333",Black including Hispanic
42,Pennsylvania,2018,"268,832",Other including Hispanic
42,Pennsylvania,2018,"50,911",American Indian/Alaskan Native including Hispanic
42,Pennsylvania,2018,"980,162",Hispanic All Races
42,Pennsylvania,2018,"2,340,288",All Non-White Races including Hispanic
42,Pennsylvania,2019,"10,430,349",White including Hispanic
42,Pennsylvania,2019,"1,545,082",Black including Hispanic
42,Pennsylvania,2019,"276,338",Other including Hispanic
42,Pennsylvania,2019,"52,141",American Indian/Alaskan Native including Hispanic
42,Pennsylvania,2019,"1,005,387",Hispanic All Races
42,Pennsylvania,2019,"2,368,534",All Non-White Races including Hispanic
42,Pennsylvania,2020,"10,552,324",White including Hispanic
42,Pennsylvania,2020,"1,580,489",Black including Hispanic
42,Pennsylvania,2020,"288,433",Other including Hispanic
42,Pennsylvania,2020,"54,440",American Indian/Alaskan Native including Hispanic
42,Pennsylvania,2020,"1,055,549",Hispanic All Races
42,Pennsylvania,2020,"2,437,301",All Non-White Races including Hispanic
44,Rhode Island,2018,"887,380",White including Hispanic
44,Rhode Island,2018,"89,062",Black including Hispanic
44,Rhode Island,2018,"30,058",Other including Hispanic
44,Rhode Island,2018,"11,713",American Indian/Alaskan Native including Hispanic
44,Rhode Island,2018,"168,910",Hispanic All Races
44,Rhode Island,2018,"171,958",All Non-White Races including Hispanic
44,Rhode Island,2019,"883,779",White including Hispanic
44,Rhode Island,2019,"90,630",Black including Hispanic
44,Rhode Island,2019,"30,739",Other including Hispanic
44,Rhode Island,2019,"11,899",American Indian/Alaskan Native including Hispanic
44,Rhode Island,2019,"172,793",Hispanic All Races
44,Rhode Island,2019,"174,379",All Non-White Races including Hispanic
44,Rhode Island,2020,"912,979",White including Hispanic
44,Rhode Island,2020,"95,510",Black including Hispanic
44,Rhode Island,2020,"32,381",Other including Hispanic
44,Rhode Island,2020,"12,577",American Indian/Alaskan Native including Hispanic
44,Rhode Island,2020,"183,896",Hispanic All Races
44,Rhode Island,2020,"183,250",All Non-White Races including Hispanic
45,South Carolina,2018,"3,487,431",White including Hispanic
45,South Carolina,2018,"1,381,937",Black including Hispanic
45,South Carolina,2018,"98,970",Other including Hispanic
45,South Carolina,2018,"27,894",American Indian/Alaskan Native including Hispanic
45,South Carolina,2018,"296,779",Hispanic All Races
45,South Carolina,2018,"1,604,271",All Non-White Races including Hispanic
45,South Carolina,2019,"3,534,740",White including Hispanic
45,South Carolina,2019,"1,391,272",Black including Hispanic
45,South Carolina,2019,"102,979",Other including Hispanic
45,South Carolina,2019,"28,540",American Indian/Alaskan Native including Hispanic
45,South Carolina,2019,"309,289",Hispanic All Races
45,South Carolina,2019,"1,622,962",All Non-White Races including Hispanic
45,South Carolina,2020,"3,515,485",White including Hispanic
45,South Carolina,2020,"1,377,478",Black including Hispanic
45,South Carolina,2020,"106,410",Other including Hispanic
45,South Carolina,2020,"29,038",American Indian/Alaskan Native including Hispanic
45,South Carolina,2020,"317,150",Hispanic All Races
45,South Carolina,2020,"1,615,244",All Non-White Races including Hispanic
46,South Dakota,2018,"743,603",White including Hispanic
46,South Dakota,2018,"19,793",Black including Hispanic
46,South Dakota,2018,"21,158",Other including Hispanic
46,South Dakota,2018,"80,341",American Indian/Alaskan Native including Hispanic
46,South Dakota,2018,"36,998",Hispanic All Races
46,South Dakota,2018,"135,783",All Non-White Races including Hispanic
46,South Dakota,2019,"748,965",White including Hispanic
46,South Dakota,2019,"20,732",Black including Hispanic
46,South Dakota,2019,"21,894",Other including Hispanic
46,South Dakota,2019,"80,309",American Indian/Alaskan Native including Hispanic
46,South Dakota,2019,"38,388",Hispanic All Races
46,South Dakota,2019,"138,162",All Non-White Races including Hispanic
46,South Dakota,2020,"747,285",White including Hispanic
46,South Dakota,2020,"21,356",Black including Hispanic
46,South Dakota,2020,"22,543",Other including Hispanic
46,South Dakota,2020,"80,303",American Indian/Alaskan Native including Hispanic
46,South Dakota,2020,"39,688",Hispanic All Races
46,South Dakota,2020,"139,814",All Non-White Races including Hispanic
47,Tennessee,2018,"5,317,403",White including Hispanic
47,Tennessee,2018,"1,157,504",Black including Hispanic
47,Tennessee,2018,"133,326",Other including Hispanic
47,Tennessee,2018,"32,260",American Indian/Alaskan Native including Hispanic
47,Tennessee,2018,"378,723",Hispanic All Races
47,Tennessee,2018,"1,460,777",All Non-White Races including Hispanic
47,Tennessee,2019,"5,352,821",White including Hispanic
47,Tennessee,2019,"1,165,222",Black including Hispanic
47,Tennessee,2019,"138,440",Other including Hispanic
47,Tennessee,2019,"33,053",American Indian/Alaskan Native including Hispanic
47,Tennessee,2019,"391,469",Hispanic All Races
47,Tennessee,2019,"1,477,504",All Non-White Races including Hispanic
47,Tennessee,2020,"5,416,313",White including Hispanic
47,Tennessee,2020,"1,180,247",Black including Hispanic
47,Tennessee,2020,"144,494",Other including Hispanic
47,Tennessee,2020,"34,156",American Indian/Alaskan Native including Hispanic
47,Tennessee,2020,"409,863",Hispanic All Races
47,Tennessee,2020,"1,503,806",All Non-White Races including Hispanic
48,Texas,2018,"22,535,906",White including Hispanic
48,Texas,2018,"3,689,734",Black including Hispanic
48,Texas,2018,"577,433",Other including Hispanic
48,Texas,2018,"292,656",American Indian/Alaskan Native including Hispanic
48,Texas,2018,"11,289,269",Hispanic All Races
48,Texas,2018,"6,088,658",All Non-White Races including Hispanic
48,Texas,2019,"22,745,521",White including Hispanic
48,Texas,2019,"3,764,432",Black including Hispanic
48,Texas,2019,"598,375",Other including Hispanic
48,Texas,2019,"299,674",American Indian/Alaskan Native including Hispanic
48,Texas,2019,"11,491,337",Hispanic All Races
48,Texas,2019,"6,241,273",All Non-White Races including Hispanic
48,Texas,2020,"22,848,497",White including Hispanic
48,Texas,2020,"3,823,491",Black including Hispanic
48,Texas,2020,"620,754",Other including Hispanic
48,Texas,2020,"307,117",American Indian/Alaskan Native including Hispanic
48,Texas,2020,"11,683,452",Hispanic All Races
48,Texas,2020,"6,369,156",All Non-White Races including Hispanic
49,Utah,2018,"2,863,742",White including Hispanic
49,Utah,2018,"45,045",Black including Hispanic
49,Utah,2018,"81,475",Other including Hispanic
49,Utah,2018,"48,315",American Indian/Alaskan Native including Hispanic
49,Utah,2018,"447,226",Hispanic All Races
49,Utah,2018,"291,411",All Non-White Races including Hispanic
49,Utah,2019,"2,902,040",White including Hispanic
49,Utah,2019,"46,918",Black including Hispanic
49,Utah,2019,"84,860",Other including Hispanic
49,Utah,2019,"49,467",American Indian/Alaskan Native including Hispanic
49,Utah,2019,"459,119",Hispanic All Races
49,Utah,2019,"301,343",All Non-White Races including Hispanic
49,Utah,2020,"2,967,512",White including Hispanic
49,Utah,2020,"49,028",Black including Hispanic
49,Utah,2020,"89,313",Other including Hispanic
49,Utah,2020,"51,365",American Indian/Alaskan Native including Hispanic
49,Utah,2020,"479,105",Hispanic All Races
49,Utah,2020,"314,172",All Non-White Races including Hispanic
50,Vermont,2018,"589,442",White including Hispanic
50,Vermont,2018,"8,404",Black including Hispanic
50,Vermont,2018,"12,137",Other including Hispanic
50,Vermont,2018,"2,427",American Indian/Alaskan Native including Hispanic
50,Vermont,2018,"12,559",Hispanic All Races
50,Vermont,2018,"35,360",All Non-White Races including Hispanic
50,Vermont,2019,"587,879",White including Hispanic
50,Vermont,2019,"8,727",Black including Hispanic
50,Vermont,2019,"12,457",Other including Hispanic
50,Vermont,2019,"2,425",American Indian/Alaskan Native including Hispanic
50,Vermont,2019,"12,918",Hispanic All Races
50,Vermont,2019,"36,167",All Non-White Races including Hispanic
50,Vermont,2020,"604,813",White including Hispanic
50,Vermont,2020,"9,175",Black including Hispanic
50,Vermont,2020,"12,949",Other including Hispanic
50,Vermont,2020,"2,476",American Indian/Alaskan Native including Hispanic
50,Vermont,2020,"13,781",Hispanic All Races
50,Vermont,2020,"37,682",All Non-White Races including Hispanic
51,Virginia,2018,"5,913,267",White including Hispanic
51,Virginia,2018,"1,691,415",Black including Hispanic
51,Virginia,2018,"264,794",Other including Hispanic
51,Virginia,2018,"46,393",American Indian/Alaskan Native including Hispanic
51,Virginia,2018,"812,901",Hispanic All Races
51,Virginia,2018,"2,597,653",All Non-White Races including Hispanic
51,Virginia,2019,"5,923,605",White including Hispanic
51,Virginia,2019,"1,703,577",Black including Hispanic
51,Virginia,2019,"272,950",Other including Hispanic
51,Virginia,2019,"47,235",American Indian/Alaskan Native including Hispanic
51,Virginia,2019,"835,102",Hispanic All Races
51,Virginia,2019,"2,633,037",All Non-White Races including Hispanic
51,Virginia,2020,"5,955,284",White including Hispanic
51,Virginia,2020,"1,723,425",Black including Hispanic
51,Virginia,2020,"282,076",Other including Hispanic
51,Virginia,2020,"48,265",American Indian/Alaskan Native including Hispanic
51,Virginia,2020,"864,071",Hispanic All Races
51,Virginia,2020,"2,676,760",All Non-White Races including Hispanic
53,Washington,2018,"5,929,223",White including Hispanic
53,Washington,2018,"322,071",Black including Hispanic
53,Washington,2018,"368,905",Other including Hispanic
53,Washington,2018,"146,290",American Indian/Alaskan Native including Hispanic
53,Washington,2018,"971,214",Hispanic All Races
53,Washington,2018,"1,597,570",All Non-White Races including Hispanic
53,Washington,2019,"5,964,226",White including Hispanic
53,Washington,2019,"331,509",Black including Hispanic
53,Washington,2019,"380,523",Other including Hispanic
53,Washington,2019,"148,178",American Indian/Alaskan Native including Hispanic
53,Washington,2019,"1,001,089",Hispanic All Races
53,Washington,2019,"1,649,798",All Non-White Races including Hispanic
53,Washington,2020,"6,011,340",White including Hispanic
53,Washington,2020,"342,592",Black including Hispanic
53,Washington,2020,"394,667",Other including Hispanic
53,Washington,2020,"151,735",American Indian/Alaskan Native including Hispanic
53,Washington,2020,"1,038,861",Hispanic All Races
53,Washington,2020,"1,707,445",All Non-White Races including Hispanic
54,West Virginia,2018,"1,688,805",White including Hispanic
54,West Virginia,2018,"64,605",Black including Hispanic
54,West Virginia,2018,"32,383",Other including Hispanic
54,West Virginia,2018,"4,478",American Indian/Alaskan Native including Hispanic
54,West Virginia,2018,"30,081",Hispanic All Races
54,West Virginia,2018,"117,148",All Non-White Races including Hispanic
54,West Virginia,2019,"1,677,154",White including Hispanic
54,West Virginia,2019,"64,688",Black including Hispanic
54,West Virginia,2019,"32,999",Other including Hispanic
54,West Virginia,2019,"4,559",American Indian/Alaskan Native including Hispanic
54,West Virginia,2019,"31,152",Hispanic All Races
54,West Virginia,2019,"118,109",All Non-White Races including Hispanic
54,West Virginia,2020,"1,669,451",White including Hispanic
54,West Virginia,2020,"65,710",Black including Hispanic
54,West Virginia,2020,"34,132",Other including Hispanic
54,West Virginia,2020,"4,610",American Indian/Alaskan Native including Hispanic
54,West Virginia,2020,"32,283",Hispanic All Races
54,West Virginia,2020,"120,347",All Non-White Races including Hispanic
55,Wisconsin,2018,"5,053,351",White including Hispanic
55,Wisconsin,2018,"390,792",Black including Hispanic
55,Wisconsin,2018,"117,927",Other including Hispanic
55,Wisconsin,2018,"68,350",American Indian/Alaskan Native including Hispanic
55,Wisconsin,2018,"410,486",Hispanic All Races
55,Wisconsin,2018,"755,968",All Non-White Races including Hispanic
55,Wisconsin,2019,"5,058,070",White including Hispanic
55,Wisconsin,2019,"392,565",Black including Hispanic
55,Wisconsin,2019,"121,399",Other including Hispanic
55,Wisconsin,2019,"69,265",American Indian/Alaskan Native including Hispanic
55,Wisconsin,2019,"418,289",Hispanic All Races
55,Wisconsin,2019,"766,511",All Non-White Races including Hispanic
55,Wisconsin,2020,"5,109,616",White including Hispanic
55,Wisconsin,2020,"398,233",Black including Hispanic
55,Wisconsin,2020,"125,327",Other including Hispanic
55,Wisconsin,2020,"71,011",American Indian/Alaskan Native including Hispanic
55,Wisconsin,2020,"434,149",Hispanic All Races
55,Wisconsin,2020,"782,707",All Non-White Races including Hispanic
56,Wyoming,2018,"536,202",White including Hispanic
56,Wyoming,2018,"7,133",Black including Hispanic
56,Wyoming,2018,"12,388",Other including Hispanic
56,Wyoming,2018,"16,285",American Indian/Alaskan Native including Hispanic
56,Wyoming,2018,"58,741",Hispanic All Races
56,Wyoming,2018,"42,852",All Non-White Races including Hispanic
56,Wyoming,2019,"536,852",White including Hispanic
56,Wyoming,2019,"7,114",Black including Hispanic
56,Wyoming,2019,"12,869",Other including Hispanic
56,Wyoming,2019,"16,262",American Indian/Alaskan Native including Hispanic
56,Wyoming,2019,"59,515",Hispanic All Races
56,Wyoming,2019,"43,264",All Non-White Races including Hispanic
56,Wyoming,2020,"533,556",White including Hispanic
56,Wyoming,2020,"7,070",Black including Hispanic
56,Wyoming,2020,"13,286",Other including Hispanic
56,Wyoming,2020,"16,426",American Indian/Alaskan Native including Hispanic
56,Wyoming,2020,"60,161",Hispanic All Races
56,Wyoming,2020,"43,711",All Non-White Races including Hispanic
