StateFIPS,State,Year,Annual number of hospitalization for Asmthma,"Age Group""Gender"
4,Arizona,2018,335,"0 TO 4""Male"
4,Arizona,2018,150,"0 TO 4""Female"
4,Arizona,2018,520,"5 TO 14""Male"
4,Arizona,2018,291,"5 TO 14""Female"
4,Arizona,2018,232,"15 TO 34""Male"
4,Arizona,2018,388,"15 TO 34""Female"
4,Arizona,2018,264,"35 TO 64""Male"
4,Arizona,2018,584,"35 TO 64""Female"
4,Arizona,2018,89,">= 65""Male"
4,Arizona,2018,308,">= 65""Female"
4,Arizona,2019,252,"0 TO 4""Male"
4,Arizona,2019,164,"0 TO 4""Female"
4,Arizona,2019,410,"5 TO 14""Male"
4,Arizona,2019,229,"5 TO 14""Female"
4,Arizona,2019,195,"15 TO 34""Male"
4,Arizona,2019,379,"15 TO 34""Female"
4,Arizona,2019,234,"35 TO 64""Male"
4,Arizona,2019,678,"35 TO 64""Female"
4,Arizona,2019,89,">= 65""Male"
4,Arizona,2019,330,">= 65""Female"
4,Arizona,2020,89,"0 TO 4""Male"
4,Arizona,2020,53,"0 TO 4""Female"
4,Arizona,2020,139,"5 TO 14""Male"
4,Arizona,2020,87,"5 TO 14""Female"
4,Arizona,2020,140,"15 TO 34""Male"
4,Arizona,2020,239,"15 TO 34""Female"
4,Arizona,2020,221,"35 TO 64""Male"
4,Arizona,2020,509,"35 TO 64""Female"
4,Arizona,2020,65,">= 65""Male"
4,Arizona,2020,224,">= 65""Female"
4,Arizona,2021,195,"0 TO 4""Male"
4,Arizona,2021,103,"0 TO 4""Female"
4,Arizona,2021,285,"5 TO 14""Male"
4,Arizona,2021,151,"5 TO 14""Female"
4,Arizona,2021,123,"15 TO 34""Male"
4,Arizona,2021,220,"15 TO 34""Female"
4,Arizona,2021,197,"35 TO 64""Male"
4,Arizona,2021,381,"35 TO 64""Female"
4,Arizona,2021,48,">= 65""Male"
4,Arizona,2021,153,">= 65""Female"
6,California,2018,"2,399","0 TO 4""Male"
6,California,2018,"1,285","0 TO 4""Female"
6,California,2018,"2,299","5 TO 14""Male"
6,California,2018,"1,382","5 TO 14""Female"
6,California,2018,871,"15 TO 34""Male"
6,California,2018,"1,319","15 TO 34""Female"
6,California,2018,"1,519","35 TO 64""Male"
6,California,2018,"3,321","35 TO 64""Female"
6,California,2018,627,">= 65""Male"
6,California,2018,"1,947",">= 65""Female"
6,California,2019,"2,433","0 TO 4""Male"
6,California,2019,"1,212","0 TO 4""Female"
6,California,2019,"2,279","5 TO 14""Male"
6,California,2019,"1,385","5 TO 14""Female"
6,California,2019,953,"15 TO 34""Male"
6,California,2019,"1,449","15 TO 34""Female"
6,California,2019,"1,553","35 TO 64""Male"
6,California,2019,"3,514","35 TO 64""Female"
6,California,2019,646,">= 65""Male"
6,California,2019,"2,180",">= 65""Female"
8,Colorado,2018,287,"0 TO 4""Male"
8,Colorado,2018,169,"0 TO 4""Female"
8,Colorado,2018,443,"5 TO 14""Male"
8,Colorado,2018,265,"5 TO 14""Female"
8,Colorado,2018,151,"15 TO 34""Male"
8,Colorado,2018,255,"15 TO 34""Female"
8,Colorado,2018,136,"35 TO 64""Male"
8,Colorado,2018,340,"35 TO 64""Female"
8,Colorado,2018,52,">= 65""Male"
8,Colorado,2018,137,">= 65""Female"
8,Colorado,2019,342,"0 TO 4""Male"
8,Colorado,2019,205,"0 TO 4""Female"
8,Colorado,2019,433,"5 TO 14""Male"
8,Colorado,2019,294,"5 TO 14""Female"
8,Colorado,2019,142,"15 TO 34""Male"
8,Colorado,2019,269,"15 TO 34""Female"
8,Colorado,2019,160,"35 TO 64""Male"
8,Colorado,2019,338,"35 TO 64""Female"
8,Colorado,2019,45,">= 65""Male"
8,Colorado,2019,124,">= 65""Female"
8,Colorado,2020,145,"0 TO 4""Male"
8,Colorado,2020,92,"0 TO 4""Female"
8,Colorado,2020,164,"5 TO 14""Male"
8,Colorado,2020,108,"5 TO 14""Female"
8,Colorado,2020,107,"15 TO 34""Male"
8,Colorado,2020,181,"15 TO 34""Female"
8,Colorado,2020,105,"35 TO 64""Male"
8,Colorado,2020,245,"35 TO 64""Female"
8,Colorado,2020,32,">= 65""Male"
8,Colorado,2020,84,">= 65""Female"
9,Connecticut,2018,271,"0 TO 4""Male"
9,Connecticut,2018,172,"0 TO 4""Female"
9,Connecticut,2018,193,"5 TO 14""Male"
9,Connecticut,2018,176,"5 TO 14""Female"
9,Connecticut,2018,114,"15 TO 34""Male"
9,Connecticut,2018,218,"15 TO 34""Female"
9,Connecticut,2018,266,"35 TO 64""Male"
9,Connecticut,2018,674,"35 TO 64""Female"
9,Connecticut,2018,74,">= 65""Male"
9,Connecticut,2018,293,">= 65""Female"
9,Connecticut,2019,213,"0 TO 4""Male"
9,Connecticut,2019,132,"0 TO 4""Female"
9,Connecticut,2019,165,"5 TO 14""Male"
9,Connecticut,2019,131,"5 TO 14""Female"
9,Connecticut,2019,128,"15 TO 34""Male"
9,Connecticut,2019,238,"15 TO 34""Female"
9,Connecticut,2019,217,"35 TO 64""Male"
9,Connecticut,2019,631,"35 TO 64""Female"
9,Connecticut,2019,70,">= 65""Male"
9,Connecticut,2019,280,">= 65""Female"
9,Connecticut,2020,92,"0 TO 4""Male"
9,Connecticut,2020,55,"0 TO 4""Female"
9,Connecticut,2020,71,"5 TO 14""Male"
9,Connecticut,2020,72,"5 TO 14""Female"
9,Connecticut,2020,74,"15 TO 34""Male"
9,Connecticut,2020,133,"15 TO 34""Female"
9,Connecticut,2020,159,"35 TO 64""Male"
9,Connecticut,2020,420,"35 TO 64""Female"
9,Connecticut,2020,48,">= 65""Male"
9,Connecticut,2020,176,">= 65""Female"
9,Connecticut,2021,218,"0 TO 4""Male"
9,Connecticut,2021,108,"0 TO 4""Female"
9,Connecticut,2021,140,"5 TO 14""Male"
9,Connecticut,2021,126,"5 TO 14""Female"
9,Connecticut,2021,83,"15 TO 34""Male"
9,Connecticut,2021,146,"15 TO 34""Female"
9,Connecticut,2021,161,"35 TO 64""Male"
9,Connecticut,2021,349,"35 TO 64""Female"
9,Connecticut,2021,41,">= 65""Male"
9,Connecticut,2021,136,">= 65""Female"
12,Florida,2018,"1,419","0 TO 4""Male"
12,Florida,2018,873,"0 TO 4""Female"
12,Florida,2018,"1,426","5 TO 14""Male"
12,Florida,2018,950,"5 TO 14""Female"
12,Florida,2018,598,"15 TO 34""Male"
12,Florida,2018,"1,118","15 TO 34""Female"
12,Florida,2018,"1,226","35 TO 64""Male"
12,Florida,2018,"3,737","35 TO 64""Female"
12,Florida,2018,438,">= 65""Male"
12,Florida,2018,"1,926",">= 65""Female"
12,Florida,2019,"1,168","0 TO 4""Male"
12,Florida,2019,654,"0 TO 4""Female"
12,Florida,2019,"1,059","5 TO 14""Male"
12,Florida,2019,756,"5 TO 14""Female"
12,Florida,2019,575,"15 TO 34""Male"
12,Florida,2019,"1,158","15 TO 34""Female"
12,Florida,2019,"1,264","35 TO 64""Male"
12,Florida,2019,"3,715","35 TO 64""Female"
12,Florida,2019,479,">= 65""Male"
12,Florida,2019,"2,078",">= 65""Female"
12,Florida,2020,482,"0 TO 4""Male"
12,Florida,2020,264,"0 TO 4""Female"
12,Florida,2020,557,"5 TO 14""Male"
12,Florida,2020,402,"5 TO 14""Female"
12,Florida,2020,403,"15 TO 34""Male"
12,Florida,2020,764,"15 TO 34""Female"
12,Florida,2020,888,"35 TO 64""Male"
12,Florida,2020,"2,451","35 TO 64""Female"
12,Florida,2020,285,">= 65""Male"
12,Florida,2020,"1,217",">= 65""Female"
12,Florida,2021,880,"0 TO 4""Male"
12,Florida,2021,569,"0 TO 4""Female"
12,Florida,2021,850,"5 TO 14""Male"
12,Florida,2021,581,"5 TO 14""Female"
12,Florida,2021,386,"15 TO 34""Male"
12,Florida,2021,739,"15 TO 34""Female"
12,Florida,2021,729,"35 TO 64""Male"
12,Florida,2021,"2,088","35 TO 64""Female"
12,Florida,2021,293,">= 65""Male"
12,Florida,2021,"1,016",">= 65""Female"
19,Iowa,2018,115,"0 TO 4""Male"
19,Iowa,2018,52,"0 TO 4""Female"
19,Iowa,2018,95,"5 TO 14""Male"
19,Iowa,2018,86,"5 TO 14""Female"
19,Iowa,2018,35,"15 TO 34""Male"
19,Iowa,2018,72,"15 TO 34""Female"
19,Iowa,2018,64,"35 TO 64""Male"
19,Iowa,2018,164,"35 TO 64""Female"
19,Iowa,2018,46,">= 65""Male"
19,Iowa,2018,91,">= 65""Female"
19,Iowa,2019,93,"0 TO 4""Male"
19,Iowa,2019,51,"0 TO 4""Female"
19,Iowa,2019,86,"5 TO 14""Male"
19,Iowa,2019,57,"5 TO 14""Female"
19,Iowa,2019,30,"15 TO 34""Male"
19,Iowa,2019,61,"15 TO 34""Female"
19,Iowa,2019,51,"35 TO 64""Male"
19,Iowa,2019,170,"35 TO 64""Female"
19,Iowa,2019,24,">= 65""Male"
19,Iowa,2019,101,">= 65""Female"
19,Iowa,2020,54,"0 TO 4""Male"
19,Iowa,2020,17,"0 TO 4""Female"
19,Iowa,2020,30,"5 TO 14""Male"
19,Iowa,2020,34,"5 TO 14""Female"
19,Iowa,2020,22,"15 TO 34""Male"
19,Iowa,2020,64,"15 TO 34""Female"
19,Iowa,2020,51,"35 TO 64""Male"
19,Iowa,2020,101,"35 TO 64""Female"
19,Iowa,2020,10,">= 65""Male"
19,Iowa,2020,42,">= 65""Female"
19,Iowa,2021,64,"0 TO 4""Male"
19,Iowa,2021,42,"0 TO 4""Female"
19,Iowa,2021,58,"5 TO 14""Male"
19,Iowa,2021,50,"5 TO 14""Female"
19,Iowa,2021,23,"15 TO 34""Male"
19,Iowa,2021,47,"15 TO 34""Female"
19,Iowa,2021,40,"35 TO 64""Male"
19,Iowa,2021,92,"35 TO 64""Female"
19,Iowa,2021,15,">= 65""Male"
19,Iowa,2021,38,">= 65""Female"
20,Kansas,2018,136,"0 TO 4""Male"
20,Kansas,2018,77,"0 TO 4""Female"
20,Kansas,2018,206,"5 TO 14""Male"
20,Kansas,2018,107,"5 TO 14""Female"
20,Kansas,2018,43,"15 TO 34""Male"
20,Kansas,2018,90,"15 TO 34""Female"
20,Kansas,2018,56,"35 TO 64""Male"
20,Kansas,2018,173,"35 TO 64""Female"
20,Kansas,2018,28,">= 65""Male"
20,Kansas,2018,85,">= 65""Female"
20,Kansas,2019,130,"0 TO 4""Male"
20,Kansas,2019,78,"0 TO 4""Female"
20,Kansas,2019,139,"5 TO 14""Male"
20,Kansas,2019,91,"5 TO 14""Female"
20,Kansas,2019,49,"15 TO 34""Male"
20,Kansas,2019,78,"15 TO 34""Female"
20,Kansas,2019,61,"35 TO 64""Male"
20,Kansas,2019,201,"35 TO 64""Female"
20,Kansas,2019,36,">= 65""Male"
20,Kansas,2019,121,">= 65""Female"
20,Kansas,2020,54,"0 TO 4""Male"
20,Kansas,2020,25,"0 TO 4""Female"
20,Kansas,2020,51,"5 TO 14""Male"
20,Kansas,2020,57,"5 TO 14""Female"
20,Kansas,2020,42,"15 TO 34""Male"
20,Kansas,2020,69,"15 TO 34""Female"
20,Kansas,2020,54,"35 TO 64""Male"
20,Kansas,2020,135,"35 TO 64""Female"
20,Kansas,2020,18,">= 65""Male"
20,Kansas,2020,65,">= 65""Female"
21,Kentucky,2018,229,"0 TO 4""Male"
21,Kentucky,2018,147,"0 TO 4""Female"
21,Kentucky,2018,229,"5 TO 14""Male"
21,Kentucky,2018,192,"5 TO 14""Female"
21,Kentucky,2018,79,"15 TO 34""Male"
21,Kentucky,2018,184,"15 TO 34""Female"
21,Kentucky,2018,104,"35 TO 64""Male"
21,Kentucky,2018,451,"35 TO 64""Female"
21,Kentucky,2018,46,">= 65""Male"
21,Kentucky,2018,195,">= 65""Female"
21,Kentucky,2019,201,"0 TO 4""Male"
21,Kentucky,2019,122,"0 TO 4""Female"
21,Kentucky,2019,219,"5 TO 14""Male"
21,Kentucky,2019,174,"5 TO 14""Female"
21,Kentucky,2019,74,"15 TO 34""Male"
21,Kentucky,2019,173,"15 TO 34""Female"
21,Kentucky,2019,111,"35 TO 64""Male"
21,Kentucky,2019,463,"35 TO 64""Female"
21,Kentucky,2019,51,">= 65""Male"
21,Kentucky,2019,216,">= 65""Female"
21,Kentucky,2020,69,"0 TO 4""Male"
21,Kentucky,2020,40,"0 TO 4""Female"
21,Kentucky,2020,82,"5 TO 14""Male"
21,Kentucky,2020,64,"5 TO 14""Female"
21,Kentucky,2020,45,"15 TO 34""Male"
21,Kentucky,2020,115,"15 TO 34""Female"
21,Kentucky,2020,84,"35 TO 64""Male"
21,Kentucky,2020,274,"35 TO 64""Female"
21,Kentucky,2020,23,">= 65""Male"
21,Kentucky,2020,108,">= 65""Female"
22,Louisiana,2018,225,"0 TO 4""Male"
22,Louisiana,2018,136,"0 TO 4""Female"
22,Louisiana,2018,311,"5 TO 14""Male"
22,Louisiana,2018,188,"5 TO 14""Female"
22,Louisiana,2018,72,"15 TO 34""Male"
22,Louisiana,2018,172,"15 TO 34""Female"
22,Louisiana,2018,159,"35 TO 64""Male"
22,Louisiana,2018,455,"35 TO 64""Female"
22,Louisiana,2018,38,">= 65""Male"
22,Louisiana,2018,207,">= 65""Female"
22,Louisiana,2019,200,"0 TO 4""Male"
22,Louisiana,2019,126,"0 TO 4""Female"
22,Louisiana,2019,284,"5 TO 14""Male"
22,Louisiana,2019,168,"5 TO 14""Female"
22,Louisiana,2019,96,"15 TO 34""Male"
22,Louisiana,2019,158,"15 TO 34""Female"
22,Louisiana,2019,189,"35 TO 64""Male"
22,Louisiana,2019,443,"35 TO 64""Female"
22,Louisiana,2019,54,">= 65""Male"
22,Louisiana,2019,254,">= 65""Female"
22,Louisiana,2020,104,"0 TO 4""Male"
22,Louisiana,2020,67,"0 TO 4""Female"
22,Louisiana,2020,134,"5 TO 14""Male"
22,Louisiana,2020,61,"5 TO 14""Female"
22,Louisiana,2020,70,"15 TO 34""Male"
22,Louisiana,2020,108,"15 TO 34""Female"
22,Louisiana,2020,108,"35 TO 64""Male"
22,Louisiana,2020,290,"35 TO 64""Female"
22,Louisiana,2020,25,">= 65""Male"
22,Louisiana,2020,111,">= 65""Female"
23,Maine,2018,30,"0 TO 4""Male"
23,Maine,2018,18,"0 TO 4""Female"
23,Maine,2018,28,"5 TO 14""Male"
23,Maine,2018,16,"5 TO 14""Female"
23,Maine,2018,26,"15 TO 34""Male"
23,Maine,2018,57,"15 TO 34""Female"
23,Maine,2018,30,"35 TO 64""Male"
23,Maine,2018,90,"35 TO 64""Female"
23,Maine,2018,10,">= 65""Male"
23,Maine,2018,49,">= 65""Female"
23,Maine,2019,35,"0 TO 4""Male"
23,Maine,2019,22,"0 TO 4""Female"
23,Maine,2019,30,"5 TO 14""Male"
23,Maine,2019,16,"5 TO 14""Female"
23,Maine,2019,25,"15 TO 34""Male"
23,Maine,2019,51,"15 TO 34""Female"
23,Maine,2019,21,"35 TO 64""Male"
23,Maine,2019,80,"35 TO 64""Female"
23,Maine,2019,10,">= 65""Male"
23,Maine,2019,52,">= 65""Female"
23,Maine,2020,17,"0 TO 4""Male"
23,Maine,2020,11,"0 TO 4""Female"
23,Maine,2020,12,"5 TO 14""Male"
23,Maine,2020,12,"5 TO 14""Female"
23,Maine,2020,11,"15 TO 34""Male"
23,Maine,2020,25,"15 TO 34""Female"
23,Maine,2020,22,"35 TO 64""Male"
23,Maine,2020,48,"35 TO 64""Female"
23,Maine,2020,9,">= 65""Male"
23,Maine,2020,20,">= 65""Female"
24,Maryland,2018,337,"0 TO 4""Male"
24,Maryland,2018,199,"0 TO 4""Female"
24,Maryland,2018,355,"5 TO 14""Male"
24,Maryland,2018,249,"5 TO 14""Female"
24,Maryland,2018,210,"15 TO 34""Male"
24,Maryland,2018,306,"15 TO 34""Female"
24,Maryland,2018,263,"35 TO 64""Male"
24,Maryland,2018,807,"35 TO 64""Female"
24,Maryland,2018,61,">= 65""Male"
24,Maryland,2018,369,">= 65""Female"
25,Massachusetts,2018,568,"0 TO 4""Male"
25,Massachusetts,2018,275,"0 TO 4""Female"
25,Massachusetts,2018,404,"5 TO 14""Male"
25,Massachusetts,2018,348,"5 TO 14""Female"
25,Massachusetts,2018,300,"15 TO 34""Male"
25,Massachusetts,2018,475,"15 TO 34""Female"
25,Massachusetts,2018,534,"35 TO 64""Male"
25,Massachusetts,2018,"1,236","35 TO 64""Female"
25,Massachusetts,2018,178,">= 65""Male"
25,Massachusetts,2018,697,">= 65""Female"
25,Massachusetts,2019,463,"0 TO 4""Male"
25,Massachusetts,2019,236,"0 TO 4""Female"
25,Massachusetts,2019,337,"5 TO 14""Male"
25,Massachusetts,2019,294,"5 TO 14""Female"
25,Massachusetts,2019,246,"15 TO 34""Male"
25,Massachusetts,2019,453,"15 TO 34""Female"
25,Massachusetts,2019,526,"35 TO 64""Male"
25,Massachusetts,2019,"1,248","35 TO 64""Female"
25,Massachusetts,2019,189,">= 65""Male"
25,Massachusetts,2019,779,">= 65""Female"
26,Michigan,2018,794,"0 TO 4""Male"
26,Michigan,2018,422,"0 TO 4""Female"
26,Michigan,2018,659,"5 TO 14""Male"
26,Michigan,2018,467,"5 TO 14""Female"
26,Michigan,2018,333,"15 TO 34""Male"
26,Michigan,2018,658,"15 TO 34""Female"
26,Michigan,2018,524,"35 TO 64""Male"
26,Michigan,2018,"1,459","35 TO 64""Female"
26,Michigan,2018,143,">= 65""Male"
26,Michigan,2018,603,">= 65""Female"
26,Michigan,2019,709,"0 TO 4""Male"
26,Michigan,2019,378,"0 TO 4""Female"
26,Michigan,2019,644,"5 TO 14""Male"
26,Michigan,2019,477,"5 TO 14""Female"
26,Michigan,2019,368,"15 TO 34""Male"
26,Michigan,2019,627,"15 TO 34""Female"
26,Michigan,2019,529,"35 TO 64""Male"
26,Michigan,2019,"1,552","35 TO 64""Female"
26,Michigan,2019,158,">= 65""Male"
26,Michigan,2019,642,">= 65""Female"
27,Minnesota,2018,199,"0 TO 4""Male"
27,Minnesota,2018,120,"0 TO 4""Female"
27,Minnesota,2018,167,"5 TO 14""Male"
27,Minnesota,2018,115,"5 TO 14""Female"
27,Minnesota,2018,76,"15 TO 34""Male"
27,Minnesota,2018,145,"15 TO 34""Female"
27,Minnesota,2018,146,"35 TO 64""Male"
27,Minnesota,2018,358,"35 TO 64""Female"
27,Minnesota,2018,56,">= 65""Male"
27,Minnesota,2018,166,">= 65""Female"
27,Minnesota,2019,170,"0 TO 4""Male"
27,Minnesota,2019,93,"0 TO 4""Female"
27,Minnesota,2019,159,"5 TO 14""Male"
27,Minnesota,2019,90,"5 TO 14""Female"
27,Minnesota,2019,72,"15 TO 34""Male"
27,Minnesota,2019,127,"15 TO 34""Female"
27,Minnesota,2019,136,"35 TO 64""Male"
27,Minnesota,2019,343,"35 TO 64""Female"
27,Minnesota,2019,55,">= 65""Male"
27,Minnesota,2019,196,">= 65""Female"
27,Minnesota,2020,74,"0 TO 4""Male"
27,Minnesota,2020,51,"0 TO 4""Female"
27,Minnesota,2020,68,"5 TO 14""Male"
27,Minnesota,2020,62,"5 TO 14""Female"
27,Minnesota,2020,54,"15 TO 34""Male"
27,Minnesota,2020,97,"15 TO 34""Female"
27,Minnesota,2020,96,"35 TO 64""Male"
27,Minnesota,2020,214,"35 TO 64""Female"
27,Minnesota,2020,50,">= 65""Male"
27,Minnesota,2020,94,">= 65""Female"
29,Missouri,2018,523,"0 TO 4""Male"
29,Missouri,2018,295,"0 TO 4""Female"
29,Missouri,2018,544,"5 TO 14""Male"
29,Missouri,2018,337,"5 TO 14""Female"
29,Missouri,2018,237,"15 TO 34""Male"
29,Missouri,2018,364,"15 TO 34""Female"
29,Missouri,2018,298,"35 TO 64""Male"
29,Missouri,2018,805,"35 TO 64""Female"
29,Missouri,2018,79,">= 65""Male"
29,Missouri,2018,269,">= 65""Female"
29,Missouri,2019,394,"0 TO 4""Male"
29,Missouri,2019,193,"0 TO 4""Female"
29,Missouri,2019,479,"5 TO 14""Male"
29,Missouri,2019,335,"5 TO 14""Female"
29,Missouri,2019,237,"15 TO 34""Male"
29,Missouri,2019,387,"15 TO 34""Female"
29,Missouri,2019,256,"35 TO 64""Male"
29,Missouri,2019,750,"35 TO 64""Female"
29,Missouri,2019,74,">= 65""Male"
29,Missouri,2019,302,">= 65""Female"
29,Missouri,2020,188,"0 TO 4""Male"
29,Missouri,2020,91,"0 TO 4""Female"
29,Missouri,2020,254,"5 TO 14""Male"
29,Missouri,2020,154,"5 TO 14""Female"
29,Missouri,2020,156,"15 TO 34""Male"
29,Missouri,2020,206,"15 TO 34""Female"
29,Missouri,2020,166,"35 TO 64""Male"
29,Missouri,2020,495,"35 TO 64""Female"
29,Missouri,2020,51,">= 65""Male"
29,Missouri,2020,152,">= 65""Female"
33,New Hampshire,2018,42,"0 TO 4""Male"
33,New Hampshire,2018,21,"0 TO 4""Female"
33,New Hampshire,2018,33,"5 TO 14""Male"
33,New Hampshire,2018,23,"5 TO 14""Female"
33,New Hampshire,2018,28,"15 TO 34""Male"
33,New Hampshire,2018,46,"15 TO 34""Female"
33,New Hampshire,2018,43,"35 TO 64""Male"
33,New Hampshire,2018,121,"35 TO 64""Female"
33,New Hampshire,2018,18,">= 65""Male"
33,New Hampshire,2018,59,">= 65""Female"
33,New Hampshire,2019,35,"0 TO 4""Male"
33,New Hampshire,2019,12,"0 TO 4""Female"
33,New Hampshire,2019,23,"5 TO 14""Male"
33,New Hampshire,2019,16,"5 TO 14""Female"
33,New Hampshire,2019,23,"15 TO 34""Male"
33,New Hampshire,2019,44,"15 TO 34""Female"
33,New Hampshire,2019,34,"35 TO 64""Male"
33,New Hampshire,2019,137,"35 TO 64""Female"
33,New Hampshire,2019,38,">= 65""Male"
33,New Hampshire,2019,74,">= 65""Female"
33,New Hampshire,2020,18,"0 TO 4""Male"
33,New Hampshire,2020,13,"0 TO 4""Female"
33,New Hampshire,2020,14,"5 TO 14""Male"
33,New Hampshire,2020,6,"5 TO 14""Female"
33,New Hampshire,2020,11,"15 TO 34""Male"
33,New Hampshire,2020,21,"15 TO 34""Female"
33,New Hampshire,2020,25,"35 TO 64""Male"
33,New Hampshire,2020,92,"35 TO 64""Female"
33,New Hampshire,2020,12,">= 65""Male"
33,New Hampshire,2020,41,">= 65""Female"
34,New Jersey,2018,754,"0 TO 4""Male"
34,New Jersey,2018,434,"0 TO 4""Female"
34,New Jersey,2018,635,"5 TO 14""Male"
34,New Jersey,2018,461,"5 TO 14""Female"
34,New Jersey,2018,365,"15 TO 34""Male"
34,New Jersey,2018,554,"15 TO 34""Female"
34,New Jersey,2018,663,"35 TO 64""Male"
34,New Jersey,2018,"1,734","35 TO 64""Female"
34,New Jersey,2018,296,">= 65""Male"
34,New Jersey,2018,914,">= 65""Female"
34,New Jersey,2019,546,"0 TO 4""Male"
34,New Jersey,2019,330,"0 TO 4""Female"
34,New Jersey,2019,454,"5 TO 14""Male"
34,New Jersey,2019,354,"5 TO 14""Female"
34,New Jersey,2019,322,"15 TO 34""Male"
34,New Jersey,2019,478,"15 TO 34""Female"
34,New Jersey,2019,692,"35 TO 64""Male"
34,New Jersey,2019,"1,800","35 TO 64""Female"
34,New Jersey,2019,263,">= 65""Male"
34,New Jersey,2019,972,">= 65""Female"
34,New Jersey,2020,195,"0 TO 4""Male"
34,New Jersey,2020,103,"0 TO 4""Female"
34,New Jersey,2020,180,"5 TO 14""Male"
34,New Jersey,2020,162,"5 TO 14""Female"
34,New Jersey,2020,243,"15 TO 34""Male"
34,New Jersey,2020,374,"15 TO 34""Female"
34,New Jersey,2020,454,"35 TO 64""Male"
34,New Jersey,2020,"1,023","35 TO 64""Female"
34,New Jersey,2020,187,">= 65""Male"
34,New Jersey,2020,497,">= 65""Female"
34,New Jersey,2021,432,"0 TO 4""Male"
34,New Jersey,2021,268,"0 TO 4""Female"
34,New Jersey,2021,351,"5 TO 14""Male"
34,New Jersey,2021,242,"5 TO 14""Female"
34,New Jersey,2021,301,"15 TO 34""Male"
34,New Jersey,2021,421,"15 TO 34""Female"
34,New Jersey,2021,528,"35 TO 64""Male"
34,New Jersey,2021,"1,080","35 TO 64""Female"
34,New Jersey,2021,171,">= 65""Male"
34,New Jersey,2021,508,">= 65""Female"
35,New Mexico,2018,152,"0 TO 4""Male"
35,New Mexico,2018,105,"0 TO 4""Female"
35,New Mexico,2018,205,"5 TO 14""Male"
35,New Mexico,2018,120,"5 TO 14""Female"
35,New Mexico,2018,49,"15 TO 34""Male"
35,New Mexico,2018,76,"15 TO 34""Female"
35,New Mexico,2018,59,"35 TO 64""Male"
35,New Mexico,2018,156,"35 TO 64""Female"
35,New Mexico,2018,16,">= 65""Male"
35,New Mexico,2018,76,">= 65""Female"
35,New Mexico,2019,111,"0 TO 4""Male"
35,New Mexico,2019,81,"0 TO 4""Female"
35,New Mexico,2019,153,"5 TO 14""Male"
35,New Mexico,2019,105,"5 TO 14""Female"
35,New Mexico,2019,40,"15 TO 34""Male"
35,New Mexico,2019,95,"15 TO 34""Female"
35,New Mexico,2019,63,"35 TO 64""Male"
35,New Mexico,2019,188,"35 TO 64""Female"
35,New Mexico,2019,20,">= 65""Male"
35,New Mexico,2019,91,">= 65""Female"
35,New Mexico,2020,47,"0 TO 4""Male"
35,New Mexico,2020,38,"0 TO 4""Female"
35,New Mexico,2020,64,"5 TO 14""Male"
35,New Mexico,2020,39,"5 TO 14""Female"
35,New Mexico,2020,41,"15 TO 34""Male"
35,New Mexico,2020,51,"15 TO 34""Female"
35,New Mexico,2020,49,"35 TO 64""Male"
35,New Mexico,2020,101,"35 TO 64""Female"
35,New Mexico,2020,21,">= 65""Male"
35,New Mexico,2020,60,">= 65""Female"
35,New Mexico,2021,98,"0 TO 4""Male"
35,New Mexico,2021,36,"0 TO 4""Female"
35,New Mexico,2021,102,"5 TO 14""Male"
35,New Mexico,2021,80,"5 TO 14""Female"
35,New Mexico,2021,39,"15 TO 34""Male"
35,New Mexico,2021,65,"15 TO 34""Female"
35,New Mexico,2021,55,"35 TO 64""Male"
35,New Mexico,2021,126,"35 TO 64""Female"
35,New Mexico,2021,18,">= 65""Male"
35,New Mexico,2021,50,">= 65""Female"
36,New York,2018,"2,818","0 TO 4""Male"
36,New York,2018,"1,567","0 TO 4""Female"
36,New York,2018,"2,269","5 TO 14""Male"
36,New York,2018,"1,747","5 TO 14""Female"
36,New York,2018,919,"15 TO 34""Male"
36,New York,2018,"1,663","15 TO 34""Female"
36,New York,2018,"1,667","35 TO 64""Male"
36,New York,2018,"4,359","35 TO 64""Female"
36,New York,2018,618,">= 65""Male"
36,New York,2018,"2,384",">= 65""Female"
36,New York,2019,"2,371","0 TO 4""Male"
36,New York,2019,"1,347","0 TO 4""Female"
36,New York,2019,"2,004","5 TO 14""Male"
36,New York,2019,"1,461","5 TO 14""Female"
36,New York,2019,885,"15 TO 34""Male"
36,New York,2019,"1,483","15 TO 34""Female"
36,New York,2019,"1,694","35 TO 64""Male"
36,New York,2019,"4,210","35 TO 64""Female"
36,New York,2019,686,">= 65""Male"
36,New York,2019,"2,466",">= 65""Female"
36,New York,2020,819,"0 TO 4""Male"
36,New York,2020,466,"0 TO 4""Female"
36,New York,2020,812,"5 TO 14""Male"
36,New York,2020,597,"5 TO 14""Female"
36,New York,2020,588,"15 TO 34""Male"
36,New York,2020,879,"15 TO 34""Female"
36,New York,2020,"1,247","35 TO 64""Male"
36,New York,2020,"2,374","35 TO 64""Female"
36,New York,2020,423,">= 65""Male"
36,New York,2020,"1,301",">= 65""Female"
36,New York,2021,"1,945","0 TO 4""Male"
36,New York,2021,955,"0 TO 4""Female"
36,New York,2021,"1,370","5 TO 14""Male"
36,New York,2021,943,"5 TO 14""Female"
36,New York,2021,714,"15 TO 34""Male"
36,New York,2021,"1,048","15 TO 34""Female"
36,New York,2021,"1,188","35 TO 64""Male"
36,New York,2021,"2,243","35 TO 64""Female"
36,New York,2021,407,">= 65""Male"
36,New York,2021,"1,240",">= 65""Female"
41,Oregon,2018,153,"0 TO 4""Male"
41,Oregon,2018,93,"0 TO 4""Female"
41,Oregon,2018,105,"5 TO 14""Male"
41,Oregon,2018,63,"5 TO 14""Female"
41,Oregon,2018,91,"15 TO 34""Male"
41,Oregon,2018,130,"15 TO 34""Female"
41,Oregon,2018,104,"35 TO 64""Male"
41,Oregon,2018,251,"35 TO 64""Female"
41,Oregon,2018,42,">= 65""Male"
41,Oregon,2018,118,">= 65""Female"
41,Oregon,2019,142,"0 TO 4""Male"
41,Oregon,2019,86,"0 TO 4""Female"
41,Oregon,2019,113,"5 TO 14""Male"
41,Oregon,2019,71,"5 TO 14""Female"
41,Oregon,2019,83,"15 TO 34""Male"
41,Oregon,2019,114,"15 TO 34""Female"
41,Oregon,2019,108,"35 TO 64""Male"
41,Oregon,2019,238,"35 TO 64""Female"
41,Oregon,2019,44,">= 65""Male"
41,Oregon,2019,98,">= 65""Female"
41,Oregon,2020,72,"0 TO 4""Male"
41,Oregon,2020,34,"0 TO 4""Female"
41,Oregon,2020,43,"5 TO 14""Male"
41,Oregon,2020,33,"5 TO 14""Female"
41,Oregon,2020,54,"15 TO 34""Male"
41,Oregon,2020,91,"15 TO 34""Female"
41,Oregon,2020,86,"35 TO 64""Male"
41,Oregon,2020,162,"35 TO 64""Female"
41,Oregon,2020,27,">= 65""Male"
41,Oregon,2020,82,">= 65""Female"
41,Oregon,2021,92,"0 TO 4""Male"
41,Oregon,2021,43,"0 TO 4""Female"
41,Oregon,2021,54,"5 TO 14""Male"
41,Oregon,2021,43,"5 TO 14""Female"
41,Oregon,2021,41,"15 TO 34""Male"
41,Oregon,2021,86,"15 TO 34""Female"
41,Oregon,2021,44,"35 TO 64""Male"
41,Oregon,2021,147,"35 TO 64""Female"
41,Oregon,2021,18,">= 65""Male"
41,Oregon,2021,45,">= 65""Female"
42,Pennsylvania,2018,"1,241","0 TO 4""Male"
42,Pennsylvania,2018,703,"0 TO 4""Female"
42,Pennsylvania,2018,"1,215","5 TO 14""Male"
42,Pennsylvania,2018,824,"5 TO 14""Female"
42,Pennsylvania,2018,573,"15 TO 34""Male"
42,Pennsylvania,2018,937,"15 TO 34""Female"
42,Pennsylvania,2018,834,"35 TO 64""Male"
42,Pennsylvania,2018,"2,374","35 TO 64""Female"
42,Pennsylvania,2018,269,">= 65""Male"
42,Pennsylvania,2018,"1,060",">= 65""Female"
42,Pennsylvania,2019,957,"0 TO 4""Male"
42,Pennsylvania,2019,549,"0 TO 4""Female"
42,Pennsylvania,2019,857,"5 TO 14""Male"
42,Pennsylvania,2019,638,"5 TO 14""Female"
42,Pennsylvania,2019,442,"15 TO 34""Male"
42,Pennsylvania,2019,772,"15 TO 34""Female"
42,Pennsylvania,2019,803,"35 TO 64""Male"
42,Pennsylvania,2019,"2,081","35 TO 64""Female"
42,Pennsylvania,2019,283,">= 65""Male"
42,Pennsylvania,2019,"1,090",">= 65""Female"
42,Pennsylvania,2020,325,"0 TO 4""Male"
42,Pennsylvania,2020,196,"0 TO 4""Female"
42,Pennsylvania,2020,383,"5 TO 14""Male"
42,Pennsylvania,2020,291,"5 TO 14""Female"
42,Pennsylvania,2020,328,"15 TO 34""Male"
42,Pennsylvania,2020,524,"15 TO 34""Female"
42,Pennsylvania,2020,630,"35 TO 64""Male"
42,Pennsylvania,2020,"1,373","35 TO 64""Female"
42,Pennsylvania,2020,206,">= 65""Male"
42,Pennsylvania,2020,629,">= 65""Female"
44,Rhode Island,2018,43,"0 TO 4""Male"
44,Rhode Island,2018,23,"0 TO 4""Female"
44,Rhode Island,2018,53,"5 TO 14""Male"
44,Rhode Island,2018,32,"5 TO 14""Female"
44,Rhode Island,2018,49,"15 TO 34""Male"
44,Rhode Island,2018,64,"15 TO 34""Female"
44,Rhode Island,2018,60,"35 TO 64""Male"
44,Rhode Island,2018,181,"35 TO 64""Female"
44,Rhode Island,2018,24,">= 65""Male"
44,Rhode Island,2018,105,">= 65""Female"
44,Rhode Island,2019,49,"0 TO 4""Male"
44,Rhode Island,2019,27,"0 TO 4""Female"
44,Rhode Island,2019,67,"5 TO 14""Male"
44,Rhode Island,2019,40,"5 TO 14""Female"
44,Rhode Island,2019,65,"15 TO 34""Male"
44,Rhode Island,2019,84,"15 TO 34""Female"
44,Rhode Island,2019,80,"35 TO 64""Male"
44,Rhode Island,2019,184,"35 TO 64""Female"
44,Rhode Island,2019,18,">= 65""Male"
44,Rhode Island,2019,122,">= 65""Female"
44,Rhode Island,2020,15,"0 TO 4""Male"
44,Rhode Island,2020,13,"0 TO 4""Female"
44,Rhode Island,2020,19,"5 TO 14""Male"
44,Rhode Island,2020,9,"5 TO 14""Female"
44,Rhode Island,2020,33,"15 TO 34""Male"
44,Rhode Island,2020,59,"15 TO 34""Female"
44,Rhode Island,2020,41,"35 TO 64""Male"
44,Rhode Island,2020,105,"35 TO 64""Female"
44,Rhode Island,2020,22,">= 65""Male"
44,Rhode Island,2020,67,">= 65""Female"
44,Rhode Island,2021,19,"0 TO 4""Male"
44,Rhode Island,2021,24,"0 TO 4""Female"
44,Rhode Island,2021,31,"5 TO 14""Male"
44,Rhode Island,2021,32,"5 TO 14""Female"
44,Rhode Island,2021,36,"15 TO 34""Male"
44,Rhode Island,2021,60,"15 TO 34""Female"
44,Rhode Island,2021,34,"35 TO 64""Male"
44,Rhode Island,2021,74,"35 TO 64""Female"
44,Rhode Island,2021,18,">= 65""Male"
44,Rhode Island,2021,54,">= 65""Female"
47,Tennessee,2018,257,"0 TO 4""Male"
47,Tennessee,2018,126,"0 TO 4""Female"
47,Tennessee,2018,242,"5 TO 14""Male"
47,Tennessee,2018,170,"5 TO 14""Female"
47,Tennessee,2018,135,"15 TO 34""Male"
47,Tennessee,2018,280,"15 TO 34""Female"
47,Tennessee,2018,222,"35 TO 64""Male"
47,Tennessee,2018,667,"35 TO 64""Female"
47,Tennessee,2018,75,">= 65""Male"
47,Tennessee,2018,296,">= 65""Female"
47,Tennessee,2019,202,"0 TO 4""Male"
47,Tennessee,2019,127,"0 TO 4""Female"
47,Tennessee,2019,244,"5 TO 14""Male"
47,Tennessee,2019,174,"5 TO 14""Female"
47,Tennessee,2019,144,"15 TO 34""Male"
47,Tennessee,2019,283,"15 TO 34""Female"
47,Tennessee,2019,202,"35 TO 64""Male"
47,Tennessee,2019,659,"35 TO 64""Female"
47,Tennessee,2019,70,">= 65""Male"
47,Tennessee,2019,288,">= 65""Female"
49,Utah,2018,158,"0 TO 4""Male"
49,Utah,2018,91,"0 TO 4""Female"
49,Utah,2018,133,"5 TO 14""Male"
49,Utah,2018,110,"5 TO 14""Female"
49,Utah,2018,36,"15 TO 34""Male"
49,Utah,2018,69,"15 TO 34""Female"
49,Utah,2018,49,"35 TO 64""Male"
49,Utah,2018,108,"35 TO 64""Female"
49,Utah,2018,25,">= 65""Male"
49,Utah,2018,57,">= 65""Female"
49,Utah,2019,151,"0 TO 4""Male"
49,Utah,2019,82,"0 TO 4""Female"
49,Utah,2019,131,"5 TO 14""Male"
49,Utah,2019,79,"5 TO 14""Female"
49,Utah,2019,42,"15 TO 34""Male"
49,Utah,2019,84,"15 TO 34""Female"
49,Utah,2019,67,"35 TO 64""Male"
49,Utah,2019,121,"35 TO 64""Female"
49,Utah,2019,26,">= 65""Male"
49,Utah,2019,47,">= 65""Female"
49,Utah,2020,78,"0 TO 4""Male"
49,Utah,2020,42,"0 TO 4""Female"
49,Utah,2020,63,"5 TO 14""Male"
49,Utah,2020,46,"5 TO 14""Female"
49,Utah,2020,44,"15 TO 34""Male"
49,Utah,2020,74,"15 TO 34""Female"
49,Utah,2020,60,"35 TO 64""Male"
49,Utah,2020,128,"35 TO 64""Female"
49,Utah,2020,13,">= 65""Male"
49,Utah,2020,31,">= 65""Female"
49,Utah,2021,124,"0 TO 4""Male"
49,Utah,2021,73,"0 TO 4""Female"
49,Utah,2021,136,"5 TO 14""Male"
49,Utah,2021,88,"5 TO 14""Female"
49,Utah,2021,42,"15 TO 34""Male"
49,Utah,2021,95,"15 TO 34""Female"
49,Utah,2021,72,"35 TO 64""Male"
49,Utah,2021,123,"35 TO 64""Female"
49,Utah,2021,14,">= 65""Male"
49,Utah,2021,62,">= 65""Female"
51,Virginia,2018,307,"0 TO 4""Male"
51,Virginia,2018,169,"0 TO 4""Female"
51,Virginia,2018,386,"5 TO 14""Male"
51,Virginia,2018,254,"5 TO 14""Female"
51,Virginia,2018,194,"15 TO 34""Male"
51,Virginia,2018,379,"15 TO 34""Female"
51,Virginia,2018,371,"35 TO 64""Male"
51,Virginia,2018,"1,024","35 TO 64""Female"
51,Virginia,2018,131,">= 65""Male"
51,Virginia,2018,559,">= 65""Female"
51,Virginia,2019,256,"0 TO 4""Male"
51,Virginia,2019,160,"0 TO 4""Female"
51,Virginia,2019,345,"5 TO 14""Male"
51,Virginia,2019,251,"5 TO 14""Female"
51,Virginia,2019,181,"15 TO 34""Male"
51,Virginia,2019,323,"15 TO 34""Female"
51,Virginia,2019,365,"35 TO 64""Male"
51,Virginia,2019,"1,056","35 TO 64""Female"
51,Virginia,2019,124,">= 65""Male"
51,Virginia,2019,590,">= 65""Female"
51,Virginia,2020,86,"0 TO 4""Male"
51,Virginia,2020,59,"0 TO 4""Female"
51,Virginia,2020,115,"5 TO 14""Male"
51,Virginia,2020,80,"5 TO 14""Female"
51,Virginia,2020,119,"15 TO 34""Male"
51,Virginia,2020,214,"15 TO 34""Female"
51,Virginia,2020,256,"35 TO 64""Male"
51,Virginia,2020,658,"35 TO 64""Female"
51,Virginia,2020,91,">= 65""Male"
51,Virginia,2020,321,">= 65""Female"
51,Virginia,2021,152,"0 TO 4""Male"
51,Virginia,2021,108,"0 TO 4""Female"
51,Virginia,2021,198,"5 TO 14""Male"
51,Virginia,2021,148,"5 TO 14""Female"
51,Virginia,2021,119,"15 TO 34""Male"
51,Virginia,2021,183,"15 TO 34""Female"
51,Virginia,2021,199,"35 TO 64""Male"
51,Virginia,2021,499,"35 TO 64""Female"
51,Virginia,2021,69,">= 65""Male"
51,Virginia,2021,274,">= 65""Female"
53,Washington,2018,276,"0 TO 4""Male"
53,Washington,2018,162,"0 TO 4""Female"
53,Washington,2018,186,"5 TO 14""Male"
53,Washington,2018,157,"5 TO 14""Female"
53,Washington,2018,128,"15 TO 34""Male"
53,Washington,2018,256,"15 TO 34""Female"
53,Washington,2018,171,"35 TO 64""Male"
53,Washington,2018,441,"35 TO 64""Female"
53,Washington,2018,65,">= 65""Male"
53,Washington,2018,228,">= 65""Female"
53,Washington,2019,186,"0 TO 4""Male"
53,Washington,2019,129,"0 TO 4""Female"
53,Washington,2019,148,"5 TO 14""Male"
53,Washington,2019,123,"5 TO 14""Female"
53,Washington,2019,107,"15 TO 34""Male"
53,Washington,2019,253,"15 TO 34""Female"
53,Washington,2019,165,"35 TO 64""Male"
53,Washington,2019,478,"35 TO 64""Female"
53,Washington,2019,74,">= 65""Male"
53,Washington,2019,257,">= 65""Female"
53,Washington,2020,54,"0 TO 4""Male"
53,Washington,2020,31,"0 TO 4""Female"
53,Washington,2020,76,"5 TO 14""Male"
53,Washington,2020,118,"5 TO 14""Female"
53,Washington,2020,130,"15 TO 34""Male"
53,Washington,2020,261,"15 TO 34""Female"
53,Washington,2020,128,"35 TO 64""Male"
53,Washington,2020,326,"35 TO 64""Female"
53,Washington,2020,48,">= 65""Male"
53,Washington,2020,129,">= 65""Female"
55,Wisconsin,2018,169,"0 TO 4""Male"
55,Wisconsin,2018,122,"0 TO 4""Female"
55,Wisconsin,2018,134,"5 TO 14""Male"
55,Wisconsin,2018,100,"5 TO 14""Female"
55,Wisconsin,2018,112,"15 TO 34""Male"
55,Wisconsin,2018,242,"15 TO 34""Female"
55,Wisconsin,2018,208,"35 TO 64""Male"
55,Wisconsin,2018,590,"35 TO 64""Female"
55,Wisconsin,2018,76,">= 65""Male"
55,Wisconsin,2018,267,">= 65""Female"
55,Wisconsin,2019,133,"0 TO 4""Male"
55,Wisconsin,2019,101,"0 TO 4""Female"
55,Wisconsin,2019,160,"5 TO 14""Male"
55,Wisconsin,2019,84,"5 TO 14""Female"
55,Wisconsin,2019,79,"15 TO 34""Male"
55,Wisconsin,2019,173,"15 TO 34""Female"
55,Wisconsin,2019,176,"35 TO 64""Male"
55,Wisconsin,2019,482,"35 TO 64""Female"
55,Wisconsin,2019,68,">= 65""Male"
55,Wisconsin,2019,231,">= 65""Female"
55,Wisconsin,2020,53,"0 TO 4""Male"
55,Wisconsin,2020,36,"0 TO 4""Female"
55,Wisconsin,2020,64,"5 TO 14""Male"
55,Wisconsin,2020,43,"5 TO 14""Female"
55,Wisconsin,2020,71,"15 TO 34""Male"
55,Wisconsin,2020,105,"15 TO 34""Female"
55,Wisconsin,2020,108,"35 TO 64""Male"
55,Wisconsin,2020,282,"35 TO 64""Female"
55,Wisconsin,2020,52,">= 65""Male"
55,Wisconsin,2020,120,">= 65""Female"
55,Wisconsin,2021,114,"0 TO 4""Male"
55,Wisconsin,2021,78,"0 TO 4""Female"
55,Wisconsin,2021,128,"5 TO 14""Male"
55,Wisconsin,2021,79,"5 TO 14""Female"
55,Wisconsin,2021,82,"15 TO 34""Male"
55,Wisconsin,2021,129,"15 TO 34""Female"
55,Wisconsin,2021,103,"35 TO 64""Male"
55,Wisconsin,2021,292,"35 TO 64""Female"
55,Wisconsin,2021,35,">= 65""Male"
55,Wisconsin,2021,131,">= 65""Female"
