StateFIPS,State,Year,Annual number  of Death from COPD (>=25),Age Group
1,Alabama,2018,18,25 TO 44
1,Alabama,2018,587,45 TO 64
1,Alabama,2018,"2,169",65 TO 84 
1,Alabama,2018,750,>= 85
1,Alabama,2019,11,25 TO 44
1,Alabama,2019,593,45 TO 64
1,Alabama,2019,"2,163",65 TO 84 
1,Alabama,2019,689,>= 85
1,Alabama,2020,12,25 TO 44
1,Alabama,2020,620,45 TO 64
1,Alabama,2020,"2,019",65 TO 84 
1,Alabama,2020,707,>= 85
2,Alaska,2018,Suppressed,25 TO 44
2,Alaska,2018,25,45 TO 64
2,Alaska,2018,145,65 TO 84 
2,Alaska,2018,31,>= 85
2,Alaska,2019,Suppressed,25 TO 44
2,Alaska,2019,38,45 TO 64
2,Alaska,2019,119,65 TO 84 
2,Alaska,2019,32,>= 85
2,Alaska,2020,Suppressed,25 TO 44
2,Alaska,2020,41,45 TO 64
2,Alaska,2020,106,65 TO 84 
2,Alaska,2020,39,>= 85
4,Arizona,2018,Suppressed,25 TO 44
4,Arizona,2018,458,45 TO 64
4,Arizona,2018,"2,246",65 TO 84 
4,Arizona,2018,"1,004",>= 85
4,Arizona,2019,Suppressed,25 TO 44
4,Arizona,2019,383,45 TO 64
4,Arizona,2019,"2,151",65 TO 84 
4,Arizona,2019,"1,021",>= 85
4,Arizona,2020,Suppressed,25 TO 44
4,Arizona,2020,395,45 TO 64
4,Arizona,2020,"2,145",65 TO 84 
4,Arizona,2020,"1,001",>= 85
5,Arkansas,2018,13,25 TO 44
5,Arkansas,2018,420,45 TO 64
5,Arkansas,2018,"1,410",65 TO 84 
5,Arkansas,2018,508,>= 85
5,Arkansas,2019,13,25 TO 44
5,Arkansas,2019,416,45 TO 64
5,Arkansas,2019,"1,420",65 TO 84 
5,Arkansas,2019,468,>= 85
5,Arkansas,2020,11,25 TO 44
5,Arkansas,2020,400,45 TO 64
5,Arkansas,2020,"1,458",65 TO 84 
5,Arkansas,2020,506,>= 85
6,California,2018,25,25 TO 44
6,California,2018,"1,359",45 TO 64
6,California,2018,"7,034",65 TO 84 
6,California,2018,"4,700",>= 85
6,California,2019,28,25 TO 44
6,California,2019,"1,272",45 TO 64
6,California,2019,"6,734",65 TO 84 
6,California,2019,"4,576",>= 85
6,California,2020,32,25 TO 44
6,California,2020,"1,290",45 TO 64
6,California,2020,"6,651",65 TO 84 
6,California,2020,"4,370",>= 85
8,Colorado,2018,Suppressed,25 TO 44
8,Colorado,2018,369,45 TO 64
8,Colorado,2018,"1,422",65 TO 84 
8,Colorado,2018,775,>= 85
8,Colorado,2019,Suppressed,25 TO 44
8,Colorado,2019,313,45 TO 64
8,Colorado,2019,"1,406",65 TO 84 
8,Colorado,2019,727,>= 85
8,Colorado,2020,11,25 TO 44
8,Colorado,2020,304,45 TO 64
8,Colorado,2020,"1,414",65 TO 84 
8,Colorado,2020,688,>= 85
9,Connecticut,2018,0,25 TO 44
9,Connecticut,2018,128,45 TO 64
9,Connecticut,2018,700,65 TO 84 
9,Connecticut,2018,535,>= 85
9,Connecticut,2019,Suppressed,25 TO 44
9,Connecticut,2019,126,45 TO 64
9,Connecticut,2019,697,65 TO 84 
9,Connecticut,2019,522,>= 85
9,Connecticut,2020,Suppressed,25 TO 44
9,Connecticut,2020,104,45 TO 64
9,Connecticut,2020,657,65 TO 84 
9,Connecticut,2020,417,>= 85
10,Delaware,2018,Suppressed,25 TO 44
10,Delaware,2018,70,45 TO 64
10,Delaware,2018,302,65 TO 84 
10,Delaware,2018,143,>= 85
10,Delaware,2019,Suppressed,25 TO 44
10,Delaware,2019,57,45 TO 64
10,Delaware,2019,280,65 TO 84 
10,Delaware,2019,125,>= 85
10,Delaware,2020,0,25 TO 44
10,Delaware,2020,56,45 TO 64
10,Delaware,2020,278,65 TO 84 
10,Delaware,2020,119,>= 85
11,District of Columbia,2018,0,25 TO 44
11,District of Columbia,2018,23,45 TO 64
11,District of Columbia,2018,69,65 TO 84 
11,District of Columbia,2018,51,>= 85
11,District of Columbia,2019,0,25 TO 44
11,District of Columbia,2019,25,45 TO 64
11,District of Columbia,2019,61,65 TO 84 
11,District of Columbia,2019,40,>= 85
11,District of Columbia,2020,Suppressed,25 TO 44
11,District of Columbia,2020,22,45 TO 64
11,District of Columbia,2020,69,65 TO 84 
11,District of Columbia,2020,44,>= 85
12,Florida,2018,26,25 TO 44
12,Florida,2018,"1,580",45 TO 64
12,Florida,2018,"6,752",65 TO 84 
12,Florida,2018,"3,718",>= 85
12,Florida,2019,22,25 TO 44
12,Florida,2019,"1,507",45 TO 64
12,Florida,2019,"6,659",65 TO 84 
12,Florida,2019,"3,545",>= 85
12,Florida,2020,17,25 TO 44
12,Florida,2020,"1,490",45 TO 64
12,Florida,2020,"6,593",65 TO 84 
12,Florida,2020,"3,389",>= 85
13,Georgia,2018,12,25 TO 44
13,Georgia,2018,852,45 TO 64
13,Georgia,2018,"2,943",65 TO 84 
13,Georgia,2018,"1,066",>= 85
13,Georgia,2019,13,25 TO 44
13,Georgia,2019,785,45 TO 64
13,Georgia,2019,"2,706",65 TO 84 
13,Georgia,2019,"1,103",>= 85
13,Georgia,2020,19,25 TO 44
13,Georgia,2020,777,45 TO 64
13,Georgia,2020,"2,809",65 TO 84 
13,Georgia,2020,"1,078",>= 85
15,Hawaii,2018,Suppressed,25 TO 44
15,Hawaii,2018,37,45 TO 64
15,Hawaii,2018,190,65 TO 84 
15,Hawaii,2018,116,>= 85
15,Hawaii,2019,0,25 TO 44
15,Hawaii,2019,41,45 TO 64
15,Hawaii,2019,179,65 TO 84 
15,Hawaii,2019,106,>= 85
15,Hawaii,2020,Suppressed,25 TO 44
15,Hawaii,2020,26,45 TO 64
15,Hawaii,2020,199,65 TO 84 
15,Hawaii,2020,103,>= 85
16,Idaho,2018,Suppressed,25 TO 44
16,Idaho,2018,86,45 TO 64
16,Idaho,2018,561,65 TO 84 
16,Idaho,2018,228,>= 85
16,Idaho,2019,0,25 TO 44
16,Idaho,2019,115,45 TO 64
16,Idaho,2019,633,65 TO 84 
16,Idaho,2019,223,>= 85
16,Idaho,2020,Suppressed,25 TO 44
16,Idaho,2020,105,45 TO 64
16,Idaho,2020,543,65 TO 84 
16,Idaho,2020,194,>= 85
17,Illinois,2018,Suppressed,25 TO 44
17,Illinois,2018,765,45 TO 64
17,Illinois,2018,"3,043",65 TO 84 
17,Illinois,2018,"1,662",>= 85
17,Illinois,2019,16,25 TO 44
17,Illinois,2019,725,45 TO 64
17,Illinois,2019,"2,999",65 TO 84 
17,Illinois,2019,"1,603",>= 85
17,Illinois,2020,13,25 TO 44
17,Illinois,2020,715,45 TO 64
17,Illinois,2020,"3,008",65 TO 84 
17,Illinois,2020,"1,486",>= 85
18,Indiana,2018,13,25 TO 44
18,Indiana,2018,714,45 TO 64
18,Indiana,2018,"2,595",65 TO 84 
18,Indiana,2018,"1,199",>= 85
18,Indiana,2019,14,25 TO 44
18,Indiana,2019,736,45 TO 64
18,Indiana,2019,"2,655",65 TO 84 
18,Indiana,2019,"1,124",>= 85
18,Indiana,2020,20,25 TO 44
18,Indiana,2020,759,45 TO 64
18,Indiana,2020,"2,556",65 TO 84 
18,Indiana,2020,"1,096",>= 85
19,Iowa,2018,Suppressed,25 TO 44
19,Iowa,2018,227,45 TO 64
19,Iowa,2018,"1,038",65 TO 84 
19,Iowa,2018,529,>= 85
19,Iowa,2019,Suppressed,25 TO 44
19,Iowa,2019,251,45 TO 64
19,Iowa,2019,"1,046",65 TO 84 
19,Iowa,2019,510,>= 85
19,Iowa,2020,Suppressed,25 TO 44
19,Iowa,2020,212,45 TO 64
19,Iowa,2020,988,65 TO 84 
19,Iowa,2020,439,>= 85
20,Kansas,2018,Suppressed,25 TO 44
20,Kansas,2018,280,45 TO 64
20,Kansas,2018,986,65 TO 84 
20,Kansas,2018,518,>= 85
20,Kansas,2019,Suppressed,25 TO 44
20,Kansas,2019,265,45 TO 64
20,Kansas,2019,992,65 TO 84 
20,Kansas,2019,475,>= 85
20,Kansas,2020,Suppressed,25 TO 44
20,Kansas,2020,218,45 TO 64
20,Kansas,2020,921,65 TO 84 
20,Kansas,2020,456,>= 85
21,Kentucky,2018,19,25 TO 44
21,Kentucky,2018,665,45 TO 64
21,Kentucky,2018,"2,034",65 TO 84 
21,Kentucky,2018,659,>= 85
21,Kentucky,2019,18,25 TO 44
21,Kentucky,2019,676,45 TO 64
21,Kentucky,2019,"2,120",65 TO 84 
21,Kentucky,2019,658,>= 85
21,Kentucky,2020,15,25 TO 44
21,Kentucky,2020,672,45 TO 64
21,Kentucky,2020,"1,939",65 TO 84 
21,Kentucky,2020,558,>= 85
22,Louisiana,2018,11,25 TO 44
22,Louisiana,2018,347,45 TO 64
22,Louisiana,2018,"1,368",65 TO 84 
22,Louisiana,2018,552,>= 85
22,Louisiana,2019,Suppressed,25 TO 44
22,Louisiana,2019,347,45 TO 64
22,Louisiana,2019,"1,246",65 TO 84 
22,Louisiana,2019,507,>= 85
22,Louisiana,2020,11,25 TO 44
22,Louisiana,2020,385,45 TO 64
22,Louisiana,2020,"1,365",65 TO 84 
22,Louisiana,2020,550,>= 85
23,Maine,2018,Suppressed,25 TO 44
23,Maine,2018,135,45 TO 64
23,Maine,2018,521,65 TO 84 
23,Maine,2018,256,>= 85
23,Maine,2019,Suppressed,25 TO 44
23,Maine,2019,149,45 TO 64
23,Maine,2019,569,65 TO 84 
23,Maine,2019,268,>= 85
23,Maine,2020,Suppressed,25 TO 44
23,Maine,2020,117,45 TO 64
23,Maine,2020,520,65 TO 84 
23,Maine,2020,224,>= 85
24,Maryland,2018,Suppressed,25 TO 44
24,Maryland,2018,302,45 TO 64
24,Maryland,2018,"1,216",65 TO 84 
24,Maryland,2018,653,>= 85
24,Maryland,2019,Suppressed,25 TO 44
24,Maryland,2019,264,45 TO 64
24,Maryland,2019,"1,182",65 TO 84 
24,Maryland,2019,612,>= 85
24,Maryland,2020,Suppressed,25 TO 44
24,Maryland,2020,269,45 TO 64
24,Maryland,2020,"1,107",65 TO 84 
24,Maryland,2020,605,>= 85
25,Massachusetts,2018,Suppressed,25 TO 44
25,Massachusetts,2018,298,45 TO 64
25,Massachusetts,2018,"1,433",65 TO 84 
25,Massachusetts,2018,924,>= 85
25,Massachusetts,2019,Suppressed,25 TO 44
25,Massachusetts,2019,316,45 TO 64
25,Massachusetts,2019,"1,495",65 TO 84 
25,Massachusetts,2019,911,>= 85
25,Massachusetts,2020,Suppressed,25 TO 44
25,Massachusetts,2020,313,45 TO 64
25,Massachusetts,2020,"1,363",65 TO 84 
25,Massachusetts,2020,750,>= 85
26,Michigan,2018,22,25 TO 44
26,Michigan,2018,816,45 TO 64
26,Michigan,2018,"3,309",65 TO 84 
26,Michigan,2018,"1,513",>= 85
26,Michigan,2019,12,25 TO 44
26,Michigan,2019,791,45 TO 64
26,Michigan,2019,"3,326",65 TO 84 
26,Michigan,2019,"1,538",>= 85
26,Michigan,2020,21,25 TO 44
26,Michigan,2020,827,45 TO 64
26,Michigan,2020,"3,201",65 TO 84 
26,Michigan,2020,"1,429",>= 85
27,Minnesota,2018,Suppressed,25 TO 44
27,Minnesota,2018,230,45 TO 64
27,Minnesota,2018,"1,322",65 TO 84 
27,Minnesota,2018,705,>= 85
27,Minnesota,2019,0,25 TO 44
27,Minnesota,2019,245,45 TO 64
27,Minnesota,2019,"1,239",65 TO 84 
27,Minnesota,2019,687,>= 85
27,Minnesota,2020,Suppressed,25 TO 44
27,Minnesota,2020,239,45 TO 64
27,Minnesota,2020,"1,218",65 TO 84 
27,Minnesota,2020,643,>= 85
28,Mississippi,2018,10,25 TO 44
28,Mississippi,2018,348,45 TO 64
28,Mississippi,2018,"1,246",65 TO 84 
28,Mississippi,2018,473,>= 85
28,Mississippi,2019,Suppressed,25 TO 44
28,Mississippi,2019,372,45 TO 64
28,Mississippi,2019,"1,208",65 TO 84 
28,Mississippi,2019,432,>= 85
28,Mississippi,2020,Suppressed,25 TO 44
28,Mississippi,2020,357,45 TO 64
28,Mississippi,2020,"1,297",65 TO 84 
28,Mississippi,2020,466,>= 85
29,Missouri,2018,14,25 TO 44
29,Missouri,2018,597,45 TO 64
29,Missouri,2018,"2,346",65 TO 84 
29,Missouri,2018,915,>= 85
29,Missouri,2019,14,25 TO 44
29,Missouri,2019,578,45 TO 64
29,Missouri,2019,"2,230",65 TO 84 
29,Missouri,2019,891,>= 85
29,Missouri,2020,16,25 TO 44
29,Missouri,2020,630,45 TO 64
29,Missouri,2020,"2,260",65 TO 84 
29,Missouri,2020,888,>= 85
30,Montana,2018,Suppressed,25 TO 44
30,Montana,2018,84,45 TO 64
30,Montana,2018,409,65 TO 84 
30,Montana,2018,180,>= 85
30,Montana,2019,0,25 TO 44
30,Montana,2019,97,45 TO 64
30,Montana,2019,437,65 TO 84 
30,Montana,2019,213,>= 85
30,Montana,2020,0,25 TO 44
30,Montana,2020,90,45 TO 64
30,Montana,2020,385,65 TO 84 
30,Montana,2020,175,>= 85
31,Nebraska,2018,Suppressed,25 TO 44
31,Nebraska,2018,145,45 TO 64
31,Nebraska,2018,630,65 TO 84 
31,Nebraska,2018,329,>= 85
31,Nebraska,2019,Suppressed,25 TO 44
31,Nebraska,2019,164,45 TO 64
31,Nebraska,2019,614,65 TO 84 
31,Nebraska,2019,295,>= 85
31,Nebraska,2020,0,25 TO 44
31,Nebraska,2020,137,45 TO 64
31,Nebraska,2020,591,65 TO 84 
31,Nebraska,2020,295,>= 85
32,Nevada,2018,Suppressed,25 TO 44
32,Nevada,2018,187,45 TO 64
32,Nevada,2018,"1,004",65 TO 84 
32,Nevada,2018,420,>= 85
32,Nevada,2019,Suppressed,25 TO 44
32,Nevada,2019,166,45 TO 64
32,Nevada,2019,"1,083",65 TO 84 
32,Nevada,2019,381,>= 85
32,Nevada,2020,Suppressed,25 TO 44
32,Nevada,2020,191,45 TO 64
32,Nevada,2020,"1,006",65 TO 84 
32,Nevada,2020,393,>= 85
33,New Hampshire,2018,Suppressed,25 TO 44
33,New Hampshire,2018,101,45 TO 64
33,New Hampshire,2018,409,65 TO 84 
33,New Hampshire,2018,222,>= 85
33,New Hampshire,2019,0,25 TO 44
33,New Hampshire,2019,88,45 TO 64
33,New Hampshire,2019,416,65 TO 84 
33,New Hampshire,2019,223,>= 85
33,New Hampshire,2020,Suppressed,25 TO 44
33,New Hampshire,2020,95,45 TO 64
33,New Hampshire,2020,377,65 TO 84 
33,New Hampshire,2020,164,>= 85
34,New Jersey,2018,Suppressed,25 TO 44
34,New Jersey,2018,312,45 TO 64
34,New Jersey,2018,"1,618",65 TO 84 
34,New Jersey,2018,"1,154",>= 85
34,New Jersey,2019,Suppressed,25 TO 44
34,New Jersey,2019,277,45 TO 64
34,New Jersey,2019,"1,535",65 TO 84 
34,New Jersey,2019,"1,088",>= 85
34,New Jersey,2020,Suppressed,25 TO 44
34,New Jersey,2020,287,45 TO 64
34,New Jersey,2020,"1,466",65 TO 84 
34,New Jersey,2020,"1,031",>= 85
35,New Mexico,2018,0,25 TO 44
35,New Mexico,2018,123,45 TO 64
35,New Mexico,2018,683,65 TO 84 
35,New Mexico,2018,326,>= 85
35,New Mexico,2019,Suppressed,25 TO 44
35,New Mexico,2019,140,45 TO 64
35,New Mexico,2019,607,65 TO 84 
35,New Mexico,2019,326,>= 85
35,New Mexico,2020,Suppressed,25 TO 44
35,New Mexico,2020,107,45 TO 64
35,New Mexico,2020,669,65 TO 84 
35,New Mexico,2020,340,>= 85
36,New York,2018,15,25 TO 44
36,New York,2018,795,45 TO 64
36,New York,2018,"3,705",65 TO 84 
36,New York,2018,"2,438",>= 85
36,New York,2019,10,25 TO 44
36,New York,2019,774,45 TO 64
36,New York,2019,"3,665",65 TO 84 
36,New York,2019,"2,319",>= 85
36,New York,2020,18,25 TO 44
36,New York,2020,759,45 TO 64
36,New York,2020,"3,423",65 TO 84 
36,New York,2020,"2,050",>= 85
37,North Carolina,2018,13,25 TO 44
37,North Carolina,2018,818,45 TO 64
37,North Carolina,2018,"3,117",65 TO 84 
37,North Carolina,2018,"1,284",>= 85
37,North Carolina,2019,Suppressed,25 TO 44
37,North Carolina,2019,851,45 TO 64
37,North Carolina,2019,"3,175",65 TO 84 
37,North Carolina,2019,"1,243",>= 85
37,North Carolina,2020,12,25 TO 44
37,North Carolina,2020,815,45 TO 64
37,North Carolina,2020,"3,030",65 TO 84 
37,North Carolina,2020,"1,156",>= 85
38,North Dakota,2018,0,25 TO 44
38,North Dakota,2018,38,45 TO 64
38,North Dakota,2018,167,65 TO 84 
38,North Dakota,2018,115,>= 85
38,North Dakota,2019,0,25 TO 44
38,North Dakota,2019,33,45 TO 64
38,North Dakota,2019,184,65 TO 84 
38,North Dakota,2019,112,>= 85
38,North Dakota,2020,0,25 TO 44
38,North Dakota,2020,32,45 TO 64
38,North Dakota,2020,175,65 TO 84 
38,North Dakota,2020,115,>= 85
39,Ohio,2018,25,25 TO 44
39,Ohio,2018,"1,154",45 TO 64
39,Ohio,2018,"4,267",65 TO 84 
39,Ohio,2018,"1,895",>= 85
39,Ohio,2019,22,25 TO 44
39,Ohio,2019,"1,148",45 TO 64
39,Ohio,2019,"4,147",65 TO 84 
39,Ohio,2019,"1,685",>= 85
39,Ohio,2020,19,25 TO 44
39,Ohio,2020,"1,168",45 TO 64
39,Ohio,2020,"4,086",65 TO 84 
39,Ohio,2020,"1,586",>= 85
40,Oklahoma,2018,12,25 TO 44
40,Oklahoma,2018,471,45 TO 64
40,Oklahoma,2018,"1,818",65 TO 84 
40,Oklahoma,2018,662,>= 85
40,Oklahoma,2019,12,25 TO 44
40,Oklahoma,2019,472,45 TO 64
40,Oklahoma,2019,"1,852",65 TO 84 
40,Oklahoma,2019,610,>= 85
40,Oklahoma,2020,13,25 TO 44
40,Oklahoma,2020,446,45 TO 64
40,Oklahoma,2020,"1,802",65 TO 84 
40,Oklahoma,2020,607,>= 85
41,Oregon,2018,Suppressed,25 TO 44
41,Oregon,2018,239,45 TO 64
41,Oregon,2018,"1,144",65 TO 84 
41,Oregon,2018,466,>= 85
41,Oregon,2019,Suppressed,25 TO 44
41,Oregon,2019,283,45 TO 64
41,Oregon,2019,"1,268",65 TO 84 
41,Oregon,2019,500,>= 85
41,Oregon,2020,Suppressed,25 TO 44
41,Oregon,2020,289,45 TO 64
41,Oregon,2020,"1,159",65 TO 84 
41,Oregon,2020,441,>= 85
42,Pennsylvania,2018,15,25 TO 44
42,Pennsylvania,2018,734,45 TO 64
42,Pennsylvania,2018,"3,584",65 TO 84 
42,Pennsylvania,2018,"1,919",>= 85
42,Pennsylvania,2019,10,25 TO 44
42,Pennsylvania,2019,787,45 TO 64
42,Pennsylvania,2019,"3,525",65 TO 84 
42,Pennsylvania,2019,"1,840",>= 85
42,Pennsylvania,2020,14,25 TO 44
42,Pennsylvania,2020,786,45 TO 64
42,Pennsylvania,2020,"3,453",65 TO 84 
42,Pennsylvania,2020,"1,657",>= 85
44,Rhode Island,2018,0,25 TO 44
44,Rhode Island,2018,54,45 TO 64
44,Rhode Island,2018,243,65 TO 84 
44,Rhode Island,2018,159,>= 85
44,Rhode Island,2019,0,25 TO 44
44,Rhode Island,2019,70,45 TO 64
44,Rhode Island,2019,265,65 TO 84 
44,Rhode Island,2019,149,>= 85
44,Rhode Island,2020,0,25 TO 44
44,Rhode Island,2020,63,45 TO 64
44,Rhode Island,2020,222,65 TO 84 
44,Rhode Island,2020,147,>= 85
45,South Carolina,2018,Suppressed,25 TO 44
45,South Carolina,2018,488,45 TO 64
45,South Carolina,2018,"1,801",65 TO 84 
45,South Carolina,2018,616,>= 85
45,South Carolina,2019,11,25 TO 44
45,South Carolina,2019,500,45 TO 64
45,South Carolina,2019,"1,720",65 TO 84 
45,South Carolina,2019,599,>= 85
45,South Carolina,2020,17,25 TO 44
45,South Carolina,2020,489,45 TO 64
45,South Carolina,2020,"1,809",65 TO 84 
45,South Carolina,2020,616,>= 85
46,South Dakota,2018,Suppressed,25 TO 44
46,South Dakota,2018,56,45 TO 64
46,South Dakota,2018,259,65 TO 84 
46,South Dakota,2018,172,>= 85
46,South Dakota,2019,0,25 TO 44
46,South Dakota,2019,47,45 TO 64
46,South Dakota,2019,281,65 TO 84 
46,South Dakota,2019,182,>= 85
46,South Dakota,2020,0,25 TO 44
46,South Dakota,2020,52,45 TO 64
46,South Dakota,2020,237,65 TO 84 
46,South Dakota,2020,128,>= 85
47,Tennessee,2018,19,25 TO 44
47,Tennessee,2018,856,45 TO 64
47,Tennessee,2018,"2,739",65 TO 84 
47,Tennessee,2018,949,>= 85
47,Tennessee,2019,15,25 TO 44
47,Tennessee,2019,863,45 TO 64
47,Tennessee,2019,"2,717",65 TO 84 
47,Tennessee,2019,863,>= 85
47,Tennessee,2020,10,25 TO 44
47,Tennessee,2020,802,45 TO 64
47,Tennessee,2020,"2,723",65 TO 84 
47,Tennessee,2020,859,>= 85
48,Texas,2018,22,25 TO 44
48,Texas,2018,"1,389",45 TO 64
48,Texas,2018,"6,170",65 TO 84 
48,Texas,2018,"2,894",>= 85
48,Texas,2019,18,25 TO 44
48,Texas,2019,"1,323",45 TO 64
48,Texas,2019,"6,219",65 TO 84 
48,Texas,2019,"2,973",>= 85
48,Texas,2020,36,25 TO 44
48,Texas,2020,"1,331",45 TO 64
48,Texas,2020,"5,941",65 TO 84 
48,Texas,2020,"2,793",>= 85
49,Utah,2018,Suppressed,25 TO 44
49,Utah,2018,131,45 TO 64
49,Utah,2018,492,65 TO 84 
49,Utah,2018,218,>= 85
49,Utah,2019,0,25 TO 44
49,Utah,2019,110,45 TO 64
49,Utah,2019,491,65 TO 84 
49,Utah,2019,212,>= 85
49,Utah,2020,Suppressed,25 TO 44
49,Utah,2020,113,45 TO 64
49,Utah,2020,557,65 TO 84 
49,Utah,2020,222,>= 85
50,Vermont,2018,Suppressed,25 TO 44
50,Vermont,2018,42,45 TO 64
50,Vermont,2018,216,65 TO 84 
50,Vermont,2018,78,>= 85
50,Vermont,2019,0,25 TO 44
50,Vermont,2019,42,45 TO 64
50,Vermont,2019,210,65 TO 84 
50,Vermont,2019,76,>= 85
50,Vermont,2020,Suppressed,25 TO 44
50,Vermont,2020,49,45 TO 64
50,Vermont,2020,182,65 TO 84 
50,Vermont,2020,98,>= 85
51,Virginia,2018,Suppressed,25 TO 44
51,Virginia,2018,482,45 TO 64
51,Virginia,2018,"1,987",65 TO 84 
51,Virginia,2018,871,>= 85
51,Virginia,2019,Suppressed,25 TO 44
51,Virginia,2019,516,45 TO 64
51,Virginia,2019,"2,087",65 TO 84 
51,Virginia,2019,939,>= 85
51,Virginia,2020,Suppressed,25 TO 44
51,Virginia,2020,457,45 TO 64
51,Virginia,2020,"1,945",65 TO 84 
51,Virginia,2020,879,>= 85
53,Washington,2018,Suppressed,25 TO 44
53,Washington,2018,402,45 TO 64
53,Washington,2018,"1,674",65 TO 84 
53,Washington,2018,789,>= 85
53,Washington,2019,Suppressed,25 TO 44
53,Washington,2019,377,45 TO 64
53,Washington,2019,"1,792",65 TO 84 
53,Washington,2019,769,>= 85
53,Washington,2020,Suppressed,25 TO 44
53,Washington,2020,375,45 TO 64
53,Washington,2020,"1,567",65 TO 84 
53,Washington,2020,649,>= 85
54,West Virginia,2018,Suppressed,25 TO 44
54,West Virginia,2018,284,45 TO 64
54,West Virginia,2018,"1,057",65 TO 84 
54,West Virginia,2018,350,>= 85
54,West Virginia,2019,Suppressed,25 TO 44
54,West Virginia,2019,316,45 TO 64
54,West Virginia,2019,977,65 TO 84 
54,West Virginia,2019,355,>= 85
54,West Virginia,2020,Suppressed,25 TO 44
54,West Virginia,2020,293,45 TO 64
54,West Virginia,2020,972,65 TO 84 
54,West Virginia,2020,318,>= 85
55,Wisconsin,2018,0,25 TO 44
55,Wisconsin,2018,309,45 TO 64
55,Wisconsin,2018,"1,622",65 TO 84 
55,Wisconsin,2018,851,>= 85
55,Wisconsin,2019,Suppressed,25 TO 44
55,Wisconsin,2019,318,45 TO 64
55,Wisconsin,2019,"1,591",65 TO 84 
55,Wisconsin,2019,837,>= 85
55,Wisconsin,2020,Suppressed,25 TO 44
55,Wisconsin,2020,334,45 TO 64
55,Wisconsin,2020,"1,611",65 TO 84 
55,Wisconsin,2020,738,>= 85
56,Wyoming,2018,Suppressed,25 TO 44
56,Wyoming,2018,63,45 TO 64
56,Wyoming,2018,238,65 TO 84 
56,Wyoming,2018,101,>= 85
56,Wyoming,2019,0,25 TO 44
56,Wyoming,2019,47,45 TO 64
56,Wyoming,2019,239,65 TO 84 
56,Wyoming,2019,88,>= 85
56,Wyoming,2020,0,25 TO 44
56,Wyoming,2020,54,45 TO 64
56,Wyoming,2020,247,65 TO 84 
56,Wyoming,2020,86,>= 85
