StateFIPS,State,Year,"Age-Adjusted deathrate  from COPD (>=25) years of age per 100,00 pop",Gender
1,Alabama,2018,103.4,Male
1,Alabama,2018,77,Female
1,Alabama,2019,96.3,Male
1,Alabama,2019,75,Female
1,Alabama,2020,91.2,Male
1,Alabama,2020,71.6,Female
2,Alaska,2018,53.3,Male
2,Alaska,2018,50.2,Female
2,Alaska,2019,36.9,Male
2,Alaska,2019,52.1,Female
2,Alaska,2020,50.6,Male
2,Alaska,2020,41.2,Female
4,Arizona,2018,64.5,Male
4,Arizona,2018,58.5,Female
4,Arizona,2019,60.3,Male
4,Arizona,2019,52.6,Female
4,Arizona,2020,57.9,Male
4,Arizona,2020,50.3,Female
5,Arkansas,2018,105.3,Male
5,Arkansas,2018,85.6,Female
5,Arkansas,2019,100.4,Male
5,Arkansas,2019,83.7,Female
5,Arkansas,2020,100.4,Male
5,Arkansas,2020,84.1,Female
6,California,2018,52.2,Male
6,California,2018,41.7,Female
6,California,2019,48.7,Male
6,California,2019,39.1,Female
6,California,2020,46.7,Male
6,California,2020,37.5,Female
8,Colorado,2018,74.1,Male
8,Colorado,2018,61.4,Female
8,Colorado,2019,69.5,Male
8,Colorado,2019,56,Female
8,Colorado,2020,67,Male
8,Colorado,2020,53.1,Female
9,Connecticut,2018,43.9,Male
9,Connecticut,2018,41.7,Female
9,Connecticut,2019,43.9,Male
9,Connecticut,2019,39.7,Female
9,Connecticut,2020,40.8,Male
9,Connecticut,2020,32.4,Female
10,Delaware,2018,61.6,Male
10,Delaware,2018,58.8,Female
10,Delaware,2019,50,Male
10,Delaware,2019,54.2,Female
10,Delaware,2020,51.9,Male
10,Delaware,2020,45.4,Female
11,District of Columbia,2018,30.5,Male
11,District of Columbia,2018,33.2,Female
11,District of Columbia,2019,30.1,Male
11,District of Columbia,2019,24.8,Female
11,District of Columbia,2020,26.4,Male
11,District of Columbia,2020,29.7,Female
12,Florida,2018,59.7,Male
12,Florida,2018,51.9,Female
12,Florida,2019,56.1,Male
12,Florida,2019,49,Female
12,Florida,2020,54.4,Male
12,Florida,2020,45.9,Female
13,Georgia,2018,78.1,Male
13,Georgia,2018,63.3,Female
13,Georgia,2019,69.3,Male
13,Georgia,2019,59.2,Female
13,Georgia,2020,71.5,Male
13,Georgia,2020,55.9,Female
15,Hawaii,2018,36.5,Male
15,Hawaii,2018,17.4,Female
15,Hawaii,2019,32.9,Male
15,Hawaii,2019,16.6,Female
15,Hawaii,2020,32.2,Male
15,Hawaii,2020,17.4,Female
16,Idaho,2018,77.3,Male
16,Idaho,2018,59,Female
16,Idaho,2019,76.7,Male
16,Idaho,2019,67.9,Female
16,Idaho,2020,67.7,Male
16,Idaho,2020,52.3,Female
17,Illinois,2018,58.6,Male
17,Illinois,2018,51.7,Female
17,Illinois,2019,58.3,Male
17,Illinois,2019,48,Female
17,Illinois,2020,56.2,Male
17,Illinois,2020,46.1,Female
18,Indiana,2018,95.8,Male
18,Indiana,2018,81.5,Female
18,Indiana,2019,93.9,Male
18,Indiana,2019,78,Female
18,Indiana,2020,91.6,Male
18,Indiana,2020,73.8,Female
19,Iowa,2018,74.7,Male
19,Iowa,2018,59.3,Female
19,Iowa,2019,75.7,Male
19,Iowa,2019,57.5,Female
19,Iowa,2020,70.3,Male
19,Iowa,2020,49.5,Female
20,Kansas,2018,84.9,Male
20,Kansas,2018,69.5,Female
20,Kansas,2019,78,Male
20,Kansas,2019,68.7,Female
20,Kansas,2020,73.9,Male
20,Kansas,2020,60.5,Female
21,Kentucky,2018,103.2,Male
21,Kentucky,2018,89,Female
21,Kentucky,2019,103.9,Male
21,Kentucky,2019,89,Female
21,Kentucky,2020,95,Male
21,Kentucky,2020,78.4,Female
22,Louisiana,2018,72.6,Male
22,Louisiana,2018,59.4,Female
22,Louisiana,2019,65.4,Male
22,Louisiana,2019,53.5,Female
22,Louisiana,2020,70.2,Male
22,Louisiana,2020,57.7,Female
23,Maine,2018,80.1,Male
23,Maine,2018,59.2,Female
23,Maine,2019,85.5,Male
23,Maine,2019,61.8,Female
23,Maine,2020,70.7,Male
23,Maine,2020,54.5,Female
24,Maryland,2018,48.9,Male
24,Maryland,2018,45.1,Female
24,Maryland,2019,46.4,Male
24,Maryland,2019,40.9,Female
24,Maryland,2020,44.2,Male
24,Maryland,2020,38.3,Female
25,Massachusetts,2018,49.3,Male
25,Massachusetts,2018,43.9,Female
25,Massachusetts,2019,49.2,Male
25,Massachusetts,2019,44.8,Female
25,Massachusetts,2020,44.9,Male
25,Massachusetts,2020,38.3,Female
26,Michigan,2018,73,Male
26,Michigan,2018,62.8,Female
26,Michigan,2019,72,Male
26,Michigan,2019,61.6,Female
26,Michigan,2020,69.2,Male
26,Michigan,2020,57.7,Female
27,Minnesota,2018,57.2,Male
27,Minnesota,2018,46.1,Female
27,Minnesota,2019,55.5,Male
27,Minnesota,2019,41.1,Female
27,Minnesota,2020,50.6,Male
27,Minnesota,2020,40.3,Female
28,Mississippi,2018,109.2,Male
28,Mississippi,2018,77.6,Female
28,Mississippi,2019,97,Male
28,Mississippi,2019,77.1,Female
28,Mississippi,2020,101,Male
28,Mississippi,2020,79.7,Female
29,Missouri,2018,85.1,Male
29,Missouri,2018,68.4,Female
29,Missouri,2019,76.1,Male
29,Missouri,2019,67,Female
29,Missouri,2020,78.1,Male
29,Missouri,2020,65.4,Female
30,Montana,2018,78.4,Male
30,Montana,2018,66.1,Female
30,Montana,2019,81.2,Male
30,Montana,2019,74.8,Female
30,Montana,2020,69.2,Male
30,Montana,2020,59.7,Female
31,Nebraska,2018,85,Male
31,Nebraska,2018,63.1,Female
31,Nebraska,2019,79.9,Male
31,Nebraska,2019,61.1,Female
31,Nebraska,2020,76.3,Male
31,Nebraska,2020,56.4,Female
32,Nevada,2018,78.2,Male
32,Nevada,2018,71.3,Female
32,Nevada,2019,73.8,Male
32,Nevada,2019,69.4,Female
32,Nevada,2020,69,Male
32,Nevada,2020,65.2,Female
33,New Hampshire,2018,67.6,Male
33,New Hampshire,2018,56.8,Female
33,New Hampshire,2019,63.3,Male
33,New Hampshire,2019,57.3,Female
33,New Hampshire,2020,50.7,Male
33,New Hampshire,2020,49.6,Female
34,New Jersey,2018,43.5,Male
34,New Jersey,2018,40.3,Female
34,New Jersey,2019,40.5,Male
34,New Jersey,2019,37,Female
34,New Jersey,2020,38.1,Male
34,New Jersey,2020,35.1,Female
35,New Mexico,2018,74,Male
35,New Mexico,2018,58.1,Female
35,New Mexico,2019,67.3,Male
35,New Mexico,2019,54.5,Female
35,New Mexico,2020,70.9,Male
35,New Mexico,2020,53.4,Female
36,New York,2018,45.9,Male
36,New York,2018,39,Female
36,New York,2019,44.8,Male
36,New York,2019,36.9,Female
36,New York,2020,41.2,Male
36,New York,2020,33.5,Female
37,North Carolina,2018,73.6,Male
37,North Carolina,2018,58,Female
37,North Carolina,2019,67.7,Male
37,North Carolina,2019,59.1,Female
37,North Carolina,2020,64.3,Male
37,North Carolina,2020,52.8,Female
38,North Dakota,2018,65.4,Male
38,North Dakota,2018,42.5,Female
38,North Dakota,2019,62.8,Male
38,North Dakota,2019,45.2,Female
38,North Dakota,2020,62,Male
38,North Dakota,2020,45.4,Female
39,Ohio,2018,84.2,Male
39,Ohio,2018,67.2,Female
39,Ohio,2019,75.3,Male
39,Ohio,2019,64.8,Female
39,Ohio,2020,74.7,Male
39,Ohio,2020,61,Female
40,Oklahoma,2018,107.7,Male
40,Oklahoma,2018,89.2,Female
40,Oklahoma,2019,104.4,Male
40,Oklahoma,2019,87.4,Female
40,Oklahoma,2020,97.5,Male
40,Oklahoma,2020,85.1,Female
41,Oregon,2018,57.2,Male
41,Oregon,2018,50.4,Female
41,Oregon,2019,62.6,Male
41,Oregon,2019,53.1,Female
41,Oregon,2020,56.8,Male
41,Oregon,2020,47.3,Female
42,Pennsylvania,2018,59.8,Male
42,Pennsylvania,2018,47.7,Female
42,Pennsylvania,2019,58.1,Male
42,Pennsylvania,2019,46.5,Female
42,Pennsylvania,2020,55.1,Male
42,Pennsylvania,2020,44,Female
44,Rhode Island,2018,53.1,Male
44,Rhode Island,2018,43.9,Female
44,Rhode Island,2019,52.8,Male
44,Rhode Island,2019,48.9,Female
44,Rhode Island,2020,49.1,Male
44,Rhode Island,2020,41.4,Female
45,South Carolina,2018,78.8,Male
45,South Carolina,2018,61.6,Female
45,South Carolina,2019,70,Male
45,South Carolina,2019,60.5,Female
45,South Carolina,2020,74.1,Male
45,South Carolina,2020,57.9,Female
46,South Dakota,2018,83.6,Male
46,South Dakota,2018,55.6,Female
46,South Dakota,2019,86.2,Male
46,South Dakota,2019,56.7,Female
46,South Dakota,2020,68.2,Male
46,South Dakota,2020,46.4,Female
47,Tennessee,2018,92.4,Male
47,Tennessee,2018,79.1,Female
47,Tennessee,2019,86.7,Male
47,Tennessee,2019,76.3,Female
47,Tennessee,2020,84.2,Male
47,Tennessee,2020,72.1,Female
48,Texas,2018,68,Male
48,Texas,2018,54.6,Female
48,Texas,2019,65.3,Male
48,Texas,2019,54,Female
48,Texas,2020,62.6,Male
48,Texas,2020,48.6,Female
49,Utah,2018,60.7,Male
49,Utah,2018,41,Female
49,Utah,2019,52.3,Male
49,Utah,2019,42.1,Female
49,Utah,2020,62.2,Male
49,Utah,2020,38.1,Female
50,Vermont,2018,61.7,Male
50,Vermont,2018,57.2,Female
50,Vermont,2019,55,Male
50,Vermont,2019,54.7,Female
50,Vermont,2020,61.5,Male
50,Vermont,2020,50.6,Female
51,Virginia,2018,56.1,Male
51,Virginia,2018,48.9,Female
51,Virginia,2019,57.1,Male
51,Virginia,2019,51,Female
51,Virginia,2020,51.7,Male
51,Virginia,2020,45.7,Female
53,Washington,2018,56.6,Male
53,Washington,2018,47.2,Female
53,Washington,2019,56.2,Male
53,Washington,2019,47.1,Female
53,Washington,2020,49,Male
53,Washington,2020,39.3,Female
54,West Virginia,2018,104.6,Male
54,West Virginia,2018,92,Female
54,West Virginia,2019,100.9,Male
54,West Virginia,2019,89.1,Female
54,West Virginia,2020,95.8,Male
54,West Virginia,2020,86.2,Female
55,Wisconsin,2018,64,Male
55,Wisconsin,2018,52.3,Female
55,Wisconsin,2019,62.8,Male
55,Wisconsin,2019,49.4,Female
55,Wisconsin,2020,58.4,Male
55,Wisconsin,2020,48.7,Female
56,Wyoming,2018,101.5,Male
56,Wyoming,2018,77.4,Female
56,Wyoming,2019,84,Male
56,Wyoming,2019,73,Female
56,Wyoming,2020,83.4,Male
56,Wyoming,2020,75.6,Female
