StateFIPS,State,Year,Percent of population living in poverty,Age Group
1,Alabama,2018,23.90%,0 TO 17
1,Alabama,2019,21.90%,0 TO 17
1,Alabama,2020,20.90%,0 TO 17
2,Alaska,2018,14.50%,0 TO 17
2,Alaska,2019,13.20%,0 TO 17
2,Alaska,2020,12.30%,0 TO 17
4,Arizona,2018,20.40%,0 TO 17
4,Arizona,2019,19.20%,0 TO 17
4,Arizona,2020,17.60%,0 TO 17
5,Arkansas,2018,23.80%,0 TO 17
5,Arkansas,2019,21.70%,0 TO 17
5,Arkansas,2020,20.80%,0 TO 17
6,California,2018,17.40%,0 TO 17
6,California,2019,15.60%,0 TO 17
6,California,2020,14.60%,0 TO 17
8,Colorado,2018,12.10%,0 TO 17
8,Colorado,2019,11.20%,0 TO 17
8,Colorado,2020,10.60%,0 TO 17
9,Connecticut,2018,13.80%,0 TO 17
9,Connecticut,2019,13.50%,0 TO 17
9,Connecticut,2020,11.80%,0 TO 17
10,Delaware,2018,17.60%,0 TO 17
10,Delaware,2019,16.30%,0 TO 17
10,Delaware,2020,15.10%,0 TO 17
11,District of Columbia,2018,24.50%,0 TO 17
11,District of Columbia,2019,20.80%,0 TO 17
11,District of Columbia,2020,22.30%,0 TO 17
12,Florida,2018,20.00%,0 TO 17
12,Florida,2019,18.20%,0 TO 17
12,Florida,2020,17.20%,0 TO 17
13,Georgia,2018,21.00%,0 TO 17
13,Georgia,2019,19.50%,0 TO 17
13,Georgia,2020,19.50%,0 TO 17
15,Hawaii,2018,11.80%,0 TO 17
15,Hawaii,2019,11.20%,0 TO 17
15,Hawaii,2020,10.40%,0 TO 17
16,Idaho,2018,14.20%,0 TO 17
16,Idaho,2019,12.70%,0 TO 17
16,Idaho,2020,11.60%,0 TO 17
17,Illinois,2018,16.20%,0 TO 17
17,Illinois,2019,15.60%,0 TO 17
17,Illinois,2020,13.90%,0 TO 17
18,Indiana,2018,17.50%,0 TO 17
18,Indiana,2019,15.10%,0 TO 17
18,Indiana,2020,14.90%,0 TO 17
19,Iowa,2018,13.50%,0 TO 17
19,Iowa,2019,12.80%,0 TO 17
19,Iowa,2020,12.00%,0 TO 17
20,Kansas,2018,14.80%,0 TO 17
20,Kansas,2019,14.30%,0 TO 17
20,Kansas,2020,13.00%,0 TO 17
21,Kentucky,2018,22.30%,0 TO 17
21,Kentucky,2019,20.90%,0 TO 17
21,Kentucky,2020,19.40%,0 TO 17
22,Louisiana,2018,26.50%,0 TO 17
22,Louisiana,2019,26.40%,0 TO 17
22,Louisiana,2020,24.30%,0 TO 17
23,Maine,2018,14.80%,0 TO 17
23,Maine,2019,13.80%,0 TO 17
23,Maine,2020,12.80%,0 TO 17
24,Maryland,2018,12.10%,0 TO 17
24,Maryland,2019,12.30%,0 TO 17
24,Maryland,2020,11.20%,0 TO 17
25,Massachusetts,2018,12.40%,0 TO 17
25,Massachusetts,2019,12.00%,0 TO 17
25,Massachusetts,2020,10.90%,0 TO 17
26,Michigan,2018,19.30%,0 TO 17
26,Michigan,2019,17.50%,0 TO 17
26,Michigan,2020,16.80%,0 TO 17
27,Minnesota,2018,11.50%,0 TO 17
27,Minnesota,2019,11.00%,0 TO 17
27,Minnesota,2020,9.50%,0 TO 17
28,Mississippi,2018,28.20%,0 TO 17
28,Mississippi,2019,27.60%,0 TO 17
28,Mississippi,2020,26.00%,0 TO 17
29,Missouri,2018,18.30%,0 TO 17
29,Missouri,2019,17.00%,0 TO 17
29,Missouri,2020,15.50%,0 TO 17
30,Montana,2018,16.40%,0 TO 17
30,Montana,2019,15.40%,0 TO 17
30,Montana,2020,14.60%,0 TO 17
31,Nebraska,2018,12.90%,0 TO 17
31,Nebraska,2019,11.50%,0 TO 17
31,Nebraska,2020,10.10%,0 TO 17
32,Nevada,2018,18.40%,0 TO 17
32,Nevada,2019,17.60%,0 TO 17
32,Nevada,2020,16.70%,0 TO 17
33,New Hampshire,2018,10.10%,0 TO 17
33,New Hampshire,2019,8.10%,0 TO 17
33,New Hampshire,2020,8.40%,0 TO 17
34,New Jersey,2018,13.50%,0 TO 17
34,New Jersey,2019,12.20%,0 TO 17
34,New Jersey,2020,12.60%,0 TO 17
35,New Mexico,2018,25.30%,0 TO 17
35,New Mexico,2019,23.50%,0 TO 17
35,New Mexico,2020,21.60%,0 TO 17
36,New York,2018,18.80%,0 TO 17
36,New York,2019,18.20%,0 TO 17
36,New York,2020,16.70%,0 TO 17
37,North Carolina,2018,20.20%,0 TO 17
37,North Carolina,2019,19.30%,0 TO 17
37,North Carolina,2020,17.90%,0 TO 17
38,North Dakota,2018,11.00%,0 TO 17
38,North Dakota,2019,10.90%,0 TO 17
38,North Dakota,2020,10.90%,0 TO 17
39,Ohio,2018,19.20%,0 TO 17
39,Ohio,2019,18.10%,0 TO 17
39,Ohio,2020,16.60%,0 TO 17
40,Oklahoma,2018,21.40%,0 TO 17
40,Oklahoma,2019,19.70%,0 TO 17
40,Oklahoma,2020,18.60%,0 TO 17
41,Oregon,2018,15.70%,0 TO 17
41,Oregon,2019,13.60%,0 TO 17
41,Oregon,2020,12.20%,0 TO 17
42,Pennsylvania,2018,16.70%,0 TO 17
42,Pennsylvania,2019,16.50%,0 TO 17
42,Pennsylvania,2020,14.30%,0 TO 17
44,Rhode Island,2018,18.00%,0 TO 17
44,Rhode Island,2019,16.50%,0 TO 17
44,Rhode Island,2020,14.50%,0 TO 17
45,South Carolina,2018,22.10%,0 TO 17
45,South Carolina,2019,19.90%,0 TO 17
45,South Carolina,2020,18.70%,0 TO 17
46,South Dakota,2018,16.10%,0 TO 17
46,South Dakota,2019,14.90%,0 TO 17
46,South Dakota,2020,13.90%,0 TO 17
47,Tennessee,2018,21.80%,0 TO 17
47,Tennessee,2019,19.40%,0 TO 17
47,Tennessee,2020,18.40%,0 TO 17
48,Texas,2018,21.10%,0 TO 17
48,Texas,2019,19.20%,0 TO 17
48,Texas,2020,18.80%,0 TO 17
49,Utah,2018,9.70%,0 TO 17
49,Utah,2019,9.60%,0 TO 17
49,Utah,2020,7.50%,0 TO 17
50,Vermont,2018,12.20%,0 TO 17
50,Vermont,2019,10.80%,0 TO 17
50,Vermont,2020,10.00%,0 TO 17
51,Virginia,2018,13.80%,0 TO 17
51,Virginia,2019,13.30%,0 TO 17
51,Virginia,2020,12.20%,0 TO 17
53,Washington,2018,12.60%,0 TO 17
53,Washington,2019,12.00%,0 TO 17
53,Washington,2020,11.00%,0 TO 17
54,West Virginia,2018,23.20%,0 TO 17
54,West Virginia,2019,20.80%,0 TO 17
54,West Virginia,2020,20.30%,0 TO 17
55,Wisconsin,2018,14.10%,0 TO 17
55,Wisconsin,2019,13.50%,0 TO 17
55,Wisconsin,2020,12.40%,0 TO 17
56,Wyoming,2018,13.10%,0 TO 17
56,Wyoming,2019,11.70%,0 TO 17
56,Wyoming,2020,10.30%,0 TO 17
